-- MySQL dump 10.13  Distrib 5.7.25, for Win64 (x86_64)
--
-- Host: localhost    Database: gamelib
-- ------------------------------------------------------
-- Server version	5.7.25-log

/*!40101 SET @OLD_CHARACTER_SET_CLIENT=@@CHARACTER_SET_CLIENT */;
/*!40101 SET @OLD_CHARACTER_SET_RESULTS=@@CHARACTER_SET_RESULTS */;
/*!40101 SET @OLD_COLLATION_CONNECTION=@@COLLATION_CONNECTION */;
/*!40101 SET NAMES utf8 */;
/*!40103 SET @OLD_TIME_ZONE=@@TIME_ZONE */;
/*!40103 SET TIME_ZONE='+00:00' */;
/*!40014 SET @OLD_UNIQUE_CHECKS=@@UNIQUE_CHECKS, UNIQUE_CHECKS=0 */;
/*!40014 SET @OLD_FOREIGN_KEY_CHECKS=@@FOREIGN_KEY_CHECKS, FOREIGN_KEY_CHECKS=0 */;
/*!40101 SET @OLD_SQL_MODE=@@SQL_MODE, SQL_MODE='NO_AUTO_VALUE_ON_ZERO' */;
/*!40111 SET @OLD_SQL_NOTES=@@SQL_NOTES, SQL_NOTES=0 */;

--
-- Table structure for table `game`
--

DROP TABLE IF EXISTS `game`;
/*!40101 SET @saved_cs_client     = @@character_set_client */;
/*!40101 SET character_set_client = utf8 */;
CREATE TABLE `game` (
  `AppID` int(11) NOT NULL,
  `Name` varchar(45) NOT NULL,
  `Developer` varchar(45) NOT NULL,
  `Publisher` varchar(45) NOT NULL,
  `ReleaseDate` date NOT NULL,
  `LastUpdate` date NOT NULL,
  `Rate` double NOT NULL,
  `PositiveReviews` int(11) NOT NULL,
  `NegativeReviews` int(11) NOT NULL,
  `InGame` int(11) NOT NULL,
  `Size` varchar(45) NOT NULL,
  `Icon` longtext NOT NULL,
  `Header` longtext NOT NULL,
  `Description` longtext NOT NULL,
  `About` varchar(10000) NOT NULL,
  `Price` int(11) NOT NULL,
  PRIMARY KEY (`AppID`)
) ENGINE=InnoDB DEFAULT CHARSET=utf8;
/*!40101 SET character_set_client = @saved_cs_client */;

--
-- Dumping data for table `game`
--

LOCK TABLES `game` WRITE;
/*!40000 ALTER TABLE `game` DISABLE KEYS */;
INSERT INTO `game` VALUES (440,'Team Fortress 2','Valve','Valve','2007-10-10','2021-06-23',0.9303,756705,50340,70048,'15GB','images/gameimage/tf1.jpg','images/gameimage/tf2.jpg','九种不同的兵种各自具备不同的作战能力和性格，不断更新的游戏模式、地图、装备，当然还有最重要的——头饰！','“最有趣的在线游戏” - PC Gamer<br>现已免费！<br>你没有看错！你想玩多少就玩多少，玩多久就玩多久！<br><br>历来最高评价的免费游戏！<br>作为历来最受欢迎的在线动作游戏之一， Team Fortress 2 发布了许多免费升级补丁 — 新的游戏模式、地图、装备，当然还有最重要的——头饰。九种不同的兵种各自具备不同的作战能力和性格，给不同水平的玩家多样化的选择。<br><br>你是 TF2 新手？不用担心！<br>无论你的性格或者经历是什么，总有一个角色适合你。详尽的训练和离线练习模式能帮助你磨练你的技术，好让你畅玩 TF2 众多的游戏模式，其中包括夺旗模式、控制点模式、推车模式、竞技场模式、山丘之王模式，等等等等。<br><br>创建你自己的角色！<br>游戏有数以百计的武器、帽子可供收集、合成、购买和交易。根据你的游戏风格和个人品味，挑选出一个你最喜欢的兵种。即时不花钱你也不一定玩得比别人差 — 几乎所有在曼恩公司商店里面的物品也能通过游戏中的掉落系统得到。',0),(570,'Dota 2','Valve','Valve','2013-07-09','2021-08-28',0.8351,1305309,249082,314934,'15GB','images/gameimage/dota1.jpg','images/gameimage/dota2.jpg','每一天全球有数百万玩家化为一百余名Dota英雄展开大战。不论是游戏时间刚满10小时还是1000小时，比赛中总能找到新鲜感。定期的更新则保证游戏性、功能和英雄都能持续发展，Dota 2已真正地焕发了生命。','每一天，全球有数百万玩家化为一百余名Dota英雄展开大战。不论是游戏时间刚满10小时还是1000小时，比赛中总能找到新鲜感。定期的更新则保证游戏性、功能和英雄都能持续发展，Dota 2已真正地焕发了生命。<br><br>一个战场无限可能<br>在英雄、技能和物品的多样性方面，Dota可谓是无与伦比——绝不可能存在两场相同的比赛。每个英雄都有多种定位打法，丰富的物品可以满足每场比赛的具体需求。Dota从不限制打法，只为让您展现自己的风采。<br><br>所有英雄无需付费<br>公平竞技是Dota的基石，为确保所有人的游戏基础相同，游戏的核心内容——如庞大的英雄数量——对所有玩家开放。粉丝们可以收集英雄饰品，和有趣的附加内容，但是进行游戏所需的一切在开始第一场比赛前就已经赋予。<br><br>与好友携手一同游玩<br>Dota内涵深邃，并且不断进化，但不论何时加入都不算太晚。<br>合作对抗机器人可以模拟实战。英雄试玩模式可以磨练技艺。而比赛的匹配系统，兼顾玩家的游戏行为和水平，确保每场比赛都能将合适的玩家匹配到一起。',0),(730,'Counter-Strike: Global Offensive','Valve','Valve','2012-08-21','2021-08-24',0.8774,5137357,694879,429590,'15GB','images/gameimage/csgo1.jpg','images/gameimage/csgo2.jpg','《反恐精英：全球攻势》（CS: GO）延续了 1999 年原作在团队竞技类游戏上取得的成就。 CS: GO 的特色包含全新的地图、人物、武器、全新的游戏模式，并提供翻新后的 CS 经典内容（de_dust2 等）。','《反恐精英：全球攻势》（CS: GO）延续了 1999 年原作在团队竞技类游戏上取得的傲人成就。<br><br>CS: GO 的特色包含全新的地图、人物、武器、全新的游戏模式，并提供翻新后的 CS 经典内容（de_dust2 等）。<br><br>“《反恐精英》这个模组于 1999 年 8月推出时，立刻成了世界上玩家数量最多的线上 PC 动作游戏，使得游戏业为之一惊。”Valve 的 Doug Lombardi 如是说道。“在过去的 12 年中，它一直是世界上拥有玩家数量最多的游戏之一，引领着竞技游戏赛事，并且在全球创下了超过 2500 万套的游戏销量。CS: GO 承诺将增强屡获殊荣的 CS 系列之游戏体验，并把它带给 PC 平台、次世代主机平台和 Mac 平台的玩家。”',22),(3590,'Plants vs. Zombies: Game of the Year','PopCap Games, Inc.','PopCap Games, Inc.','2009-05-05','2021-08-30',0.9506,59735,2008,3787,'65MB','images/gameimage/plants1.jpg','images/gameimage/plants2.jpg','来自曾开发过宝石迷阵和幻幻球的宝开公司的全新动作策略游戏！ 可怕的僵尸即将入侵你的家，唯一的防御方式就是你栽种的植物！武装你的植物，切换他们不同的功能，诸如强悍的豌豆射手或樱桃炸弹，更加快速有效的将僵尸阻挡在入侵的道路上。不同的敌人，不同的玩法构成五种不同的游戏模式.','来自曾开发过宝石迷阵和幻幻球的宝开公司的全新动作策略游戏！<br>可怕的僵尸即将入侵你的家，唯一的防御方式就是你栽种的植物！武装你的植物，切换他们不同的功能，诸如强悍的豌豆射手或樱桃炸弹，更加快速有效的将僵尸阻挡在入侵的道路上。不同的敌人，不同的玩法构成五种不同的游戏模式，加之夕阳、浓雾以及泳池之类的障碍增加了其挑战性，奇特的游戏乐趣永无止境！<br>独特的五种游戏模式：冒险，迷你，益智，生存，再加上毫无压力的禅境花园<br>多达 50 个的冒险模式关卡设定，从白天到夜晚再到浓雾，从房顶到游泳池，场景变化多样<br>游戏共有 26 种不同的僵尸敌人，包括撑杆僵尸，潜水僵尸和开着车子的雪橇车僵尸等，使游戏更具挑战性<br>49 种功能强大，互不相同的植物，并可收集硬币购买宠物蜗牛，升级道具等多种道具！<br>打开图鉴，可以看到植物与僵尸的详细介绍，再加上有趣的“事实”和引用<br>通过“疯狂戴夫店”购买特殊植物和工具，以你能想象得到的方式干掉僵尸<br>精致的游戏画面与声音，同时还更新有奖励型的音乐与视频<br>无限次重玩：不会经历两次同样的事件！<br>解锁全部的 Steam 成就',21),(49520,'Borderlands 2','Gearbox Software','2K','2012-09-18','2021-09-08',0.9255,234766,16104,2013,'20GB','images/gameimage/lands1.jpg','images/gameimage/lands2.jpg','The Ultimate Vault Hunter’s Upgrade lets you get the most out of the Borderlands 2 experience.','A new era of shoot and loot is about to begin. Play as one of four new vault hunters facing off against a massive new world of creatures, psychos and the evil mastermind, Handsome Jack. Make new friends, arm them with a bazillion weapons and fight alongside them in 4 player co-op on a relentless quest for revenge and redemption across the undiscovered and unpredictable living planet.<br>Key Features:<br>All-New Characters and All-New Classes: Four all new playable classes including the Siren, the Commando, the Gunzerker and the Assassin. Step into the role of the Gunzerker, whose highly deadly skills allow him to dual-wield any two weapons found in the game. Not only that, you will build on that skill to do more things with two guns than you ever imagined possible. Dual machine guns? Cool. Dual rocket launchers? Of course! Dual Sniper Rifles? Sure, if that’s your thing! Want to try other styles? More tactical perhaps? There are multiple classes to choose from!<br><br>Dynamic Co-op online, and LAN: Share your adventures with friends both online and via LAN. Borderlands 2 features a seamless system enabling you to drop in and drop out of a campaign without ever having to restart the game. On top of that you can even take your new gear from any game to any other!<br><br>World Connected Story: Find yourself left for dead in the frozen tundra of Pandora as you begin your quest of revenge and redemption. Expose the evil surrounding the Hyperion Corporation and take on the perpetrator of a universe-wide grand deception -- the nefarious Hyperion CEO, Handsome Jack. (Oh, also: he\'s stolen credit for the opening of the Vault.)<br><br>87 Bazillion...Everything: In addition to the new gun system, you will lust after procedurally generated shields, grenades, Relics, class mods and much, much more. And you thought the original Borderlands had a ton of loot!<br><br>Brand new environments on Pandora: Hunt through entirely brand new areas of Pandora that are more alive than ever! From the arctic tundra, through the dangerous grasslands, past the mysterious corrosive caverns to beyond, you’ll be surprised by the unpredictable world of Pandora at every turn!<br><br>Brand new enemies: A whole slew of new enemies are out there to kill you in Borderlands 2. Hulking, gorilla-like Bullymongs, vicious predatory Stalkers and the Hyperion mechanical army, run by Handsome Jack, are just some of the new enemies in Borderlands 2.<br>Note: The Mac and Linux versions of Borderlands 2 are available in English, French, Italian, German and Spanish only.',64),(108710,'Alan Wake','Remedy Entertainment','Remedy Entertainment','2012-02-16','2021-08-30',0.8922,31847,3160,75,'8GB','images/gameimage/alan1.jpg','images/gameimage/alan2.jpg','在黑暗笼罩的亮瀑镇，推动艾伦韦克濒临的理智进行战斗，解开其中的疑团并拯救他的爱人。','妻子在与最畅销的作家艾伦韦克度假时神秘失踪，他必须追寻自己神志不清的状况下拟写的每一页恐怖小说。在夜幕降临的亮瀑镇，推动濒临的理智苏醒并且与他们战斗。解开其中的谜团，并拯救他的爱人。<br><br>以美剧的手法呈现，艾伦韦克使用 Remedy 的招牌叙述方式以及紧张火爆的情节。当玩家陷得越深，越能体验其中的悬疑。他将面对各种事件，情节曲折，扑朔迷离。他必须和散发光芒的器械并肩作战，只有它们能抢先一步抑制笼罩在亮瀑镇的黑暗。<br><br>游戏将以动作游戏为主题以及心理惊悚游戏为内涵，艾伦韦克剧烈的气氛，深层次的故事，特殊的战斗次序给玩家带来一个有趣并且独一无二的游戏体验。<br>针对 PC 优化<br>包含艾伦韦克的两部续集“信号”“作家”。<br>体验艾伦韦克中比XBOX 360 版本更高更逼真的西部景象。<br>完美支持鼠标键盘，如果你喜欢，也可以在电脑上接入微软XBOX 360手柄！<br>大量可自定义的图形设置并且支持 4：3 16：9和16：10的宽高比！<br>支持多线程的引擎，可充分利用4核心 CPU。<br>根据粉丝反馈的意见增加一些特性，包含调整视野半径，隐藏界面。<br>支持 AMD 宽域3D 3屏幕模式。',50),(230410,'Warframe','Digital Extremes','Digital Extremes','2013-03-25','2021-08-27',0.8961,404781,42900,35828,'35GB','images/gameimage/war1.jpg','images/gameimage/war2.jpg','Warframe 是一款在不断变化的科幻世界中的多人合作免费在线动作游戏。和你的同伴一起加入遍布太阳系的玩家与敌人对抗游戏，驾驭 Warframe 。单独作战或者一起对抗威胁整个世界的敌人。','他们被称作 Tenno。是枪和剑的勇士：Warframe 盔甲的主人。那些古老战争的幸存者在废墟中漂流，现在他们再一次被需要。<br><br>Grineer 和他们庞大的军队在整个太阳系扩张。 一个召唤 Tenno 到一个古老地方的声音回响在整个星际。他们在召唤你。<br><br>让 Lotus 引导你。 她将你从低温密室中解救了出来，给予你生存的机会。Grineer 会找到你，你必须做好准备。Lotus 将传授你 Warframes 的使用方法和解开它们力量的秘密方法。<br><br>来吧 Tenno，你必须参战。',0),(236390,'War Thunder','Gaijin Entertainment ','Gaijin Distribution KFT','2013-08-15','2021-09-01',0.7881,193479,49832,17294,'39GB','images/gameimage/war thunder1.jpg','images/gameimage/war thunder2.jpg','War Thunder 是最全面的免费、跨平台、MMO 军事游戏，致力于从 20 世纪初到最先进的现代作战单位的航空、装甲车和舰艇。立即加入，参加陆地、空中和海上的重大战斗。','War Thunder是Windows、Linux、Mac、PlayStation®4、PlayStation®5、Xbox One及Xbox Series S|X平台上最全面的免费、跨平台大型和Xbox One平台上最全面的免费、跨平台大型多人在线军事类游戏，专注于二战和冷战时期的航空、装甲车辆和海军舰艇。现在就加入进来参与在地面、天空和海洋进行的主要战事，并和来自全球各地的几百万玩家们在不断变化的环境中战斗。<br><br>在War Thunder中，飞机、武装直升机、地面部队和海军舰艇将会在历史性的战场上协同作战，有超过1900种载具可供选择，其中有不少是独家载具，您可以操纵轰炸机的自卫炮塔内击毁追击您的敌机，驾驶高射炮保护您的队友免遭空袭，使用多种火箭发射器击落敌机，或用驾驶快艇用鱼雷击沉敌人的战舰。<br><br>游戏特色：<br>超过2000款细节丰富的飞机、直升机、坦克、军舰和其他载具，均通过历史文献和幸存资料来源精心制作。<br>100多张表现历史上发生的主要战事的地图。<br>玩家之间的高强度对抗，在全面的战斗任务中可以设置不同难度以体现多种多样的游戏风格和水平。<br>丰富的人机对抗内容，其中包括动态的历史战役和个人任务。<br>定期更新内容，包括新载具、地图、任务和国家。<br>惊人的画质，真实的音效和优美的背景音乐创造了一个能够让您沉浸其中的世界。<br>无缝衔接的跨平台游戏体验，Windows，Linux，Max，PlayStation®4, PlayStation®5, Xbox One 和 Xbox Series X|S，所有玩家都能在一个服务器上畅玩。<br>为War Thunder定制优异的内容并在 War Thunder Live上面分享，并有机会获得现金作为奖励！',0),(244210,'Assetto Corsa','Kunos Simulazioni','Kunos Simulazioni','2014-12-19','2021-09-07',0.8944,47546,4702,2756,'15GB','images/gameimage/assetto1.jpg','images/gameimage/assetto2.jpg','Assetto Corsa v1.16 introduces the new \"Laguna Seca\" laser-scanned track, 7 new cars among which the eagerly awaited Alfa Romeo Giulia Quadrifoglio! Check the changelog for further info!','NEXT GENERATION RACING SIMULATOR<br>Assetto Corsa features an advanced DirectX 11 graphics engine that recreates an immersive environment, dynamic lighthing and realistic materials and surfaces. The advanced physics engine is being designed to provide a very realistic driving experience, including features and aspects of real cars, never seen on any other racing simulator such as tyre flat spots, heat cycles including graining and blistering, very advanced aerodynamic simulation with active movable aerodynamics parts controlled in real time by telemetry input channels, hybrid systems with kers and energy recovery simulation. Extremely detailed with single player and multiplayer options, exclusive licensed cars reproduced with the best accuracy possible, thanks to the official cooperation of Car Manufacturers.<br>ASSETTO CORSA has been developed at the KUNOS Simulazioni R&D office, located just inside the international racing circuit of Vallelunga, allowing the team to develop the game with the cooperation of real world racing drivers and racing teams.<br><br>LEGENDARY TRACKS<br>The circuits have been developed using Laser scan technology, in order to guarantee the highest level of accuracy possible in reproducing real world motor racing environments.<br>Monza, Silverstone, Imola, Mugello, Spa, Brands Hatch and many more tracks, including the historical reproduction of Monza, that brings again to life the legendary Sopraelevata, the high-speed oval where races were staged until 1961.<br><br>EXCLUSIVE CARS<br>The Assetto Corsa physics engine is all new, using practical knowledge acquired from working closely with the elite of motorsport in order to engineer the best possible accuracy of physics and tactility of feeling.<br>A physics engine like this begs to be used with officially licensed contents: Abarth, Audi, BMW, Classic Team Lotus, Ferrari, KTM, Lamborghini, Lotus cars, McLaren, Mercedes, Scuderia Glickenhaus, Pagani, Porsche, Tatuus and many more!<br><br>HARDWARE COMPATIBILITY<br>Enjoy ASSETTO CORSA using any kind of game device: keyboard, joypad, joystick, steering wheels including any kind of professional device and the most common motion systems.<br>ASSETTO CORSA is also compatible and ready for Oculus and OpenVR/VIVE, triple monitor view, Track IR and 3D VISION.<br><br>GAMEPLAY & FEATURES<br>Assetto Corsa includes a career mode, a list of special and unique events and challenges, as well as a fully customizable, single player and multiplayer modes featuring quick races, custom championships, race weekends including free practice session, qualifying session and race. Drag races, drift challenges and much more! Four driving assist profiles (gamer, racer, pro, plus a fully-customizable profile) allow any kind of player to enjoy the simulation at their desired level.<br>Advanced setup options and telemetry for data analysis; dynamic simulation of the tyre rubber deposited on track, depending on the car laps; an adjustable time of the day mode, featuring sun position calculated in realtime, depending by geographical coordinates of the track and by the sun curve according to time and date, in order to get the same light conditions of the real tracks!<br><br>MODDING & CUSTOMIZATION<br>Assetto Corsa will allow for considerable customisation and modification, in order to satisfy the expectations of professional simracers, gamers who prefer to approach the driving experience more progressively, and hobbyists who just like to reproduce and share their cars and tracks, taking advantage of the same editing tools developed and used by the developers of the game.<br>Available content:<br>CARS<br><br>PRODUCTION<br>- Abarth 595 EsseEsse (3 variants)<br>- Abarth 500 EsseEsse (2 variants)<br>- Alfa Romeo 33 Stradale<br>- Alfa Romeo Giulia Quadrifoglio<br>- Alfa Romeo Giulietta QV<br>- Alfa Romeo Giulietta QV Launch Edition<br>- Alfa Romeo MiTo QV<br>- Audi Sport Quattro (2 variants)<br>- Audi S1<br>- Bmw 1M (2 variants)<br>- Lamborghini Miura S.V.<br>- Lotus Elise SC (3 variants)<br>- Maserati Alfieri<br>- Maserati Quattroporte GTS<br>- Maserati Levante S<br>- Mazda MX-5 NA<br>- Porsche Panamera G2<br>- Porsche Cayenne Turbo S<br>- Porsche Macan Turbo<br>- Shelby Cobra<br>- RUF CTR Yellowbird<br>- Toyota GT-86<br>- Ford Mustang 2015<br>- Chevrolet Corvette C7 Stingray<br><br>GT<br>- Bmw M3 E30 Evo (3 variants)<br>- Bmw M3 E30 Group A<br>- Bmw M3 E30 DTM<br>- Bmw M3 E92 (3 variants)<br>- Bmw Z4 E89 (3 variants)<br>- Lotus Evora GTC<br>- Lotus Evora GX<br><br>GTR<br>- McLaren MP4-12c GT3<br>- Bmw Z4 GT3<br>- Bmw M3 GT2<br>- Ferrari 458 GT2<br>- P4/5 Competizione<br>- Mercedes SLS GT3<br><br>CLASSIC GP<br>- Classic Team Lotus Type 49<br>- Classic Team Lotus 98T<br>- Ferrari 312T<br><br>RALLY<br>- Audi Sport Quattro S1 E2<br><br>ENDURANCE<br>- Mazda 787B<br><br>SUPERCAR<br>- Audi R8 Plus<br>- Ferrari LaFerrari<br>- Ferrari 458 Italia (2 variants)<br>- Ferrari F40 (2 variants)<br>- Ferrari 599xx<br>- Lamborghini Huracán Performante<br>- Lamborghini Sesto Elemento<br>- McLaren Mp4 12c<br>- Mercedes SLS AMG<br>- Nissan GTR NISMO<br>- Pagani Zonda R<br>- Pagani Huayra<br>- Pagani Huayra BC<br>- Lotus Evora S (2 variants)<br>- Lotus Exige S Roadster<br>- Lotus Exige Scura<br>- Lotus 2 Eleven GT4<br><br>TRACKDAY<br>- KTM X-Bow R<br>- Lotus 2 Eleven<br>- Lotus Evora GTE<br>- Lotus Evora GTE Carbon<br>- Lotus Exige 240R (2 variants)<br>- Lotus Exige V6 Cup<br><br>OPEN WHEEL<br>- Tatuus FA-01<br>- Lotus Exos T125 (2 variants)<br><br>TRACKS<br>- Laguna Seca<br>- Magione - \"Autodromo dell\'Umbria\"<br>- Imola - \"Autodromo Enzo e Dino Ferrari\"<br>- Mugello - \"Autodromo Internazionale del Mugello\"<br>- Silverstone - GP<br>- Silverstone - International<br>- Silverstone - National<br>- Silverstone 1967<br>- Monza - \"Autodromo di Monza\"<br>- Monza - \"Classic 60\'s Edition\" (3 variants)<br>- Nurburgring - GP<br>- Nurburgring - Sprint<br>- Spa Francorchamps<br>- Vallelunga - \"Autodromo Piero Taruffi\"<br>- Vallelunga - Circuito Club<br>- Zandvoort<br>- Trento - Bondone Hillclimb<br>- Drift Track<br>- Drag strip<br>- Black Cat County (fantasy track)<br>- Highlands (fantasy track)<br><br>SHOWROOMS<br>- Standard showroom<br>- The Beach<br>- Hangar<br>- Industrial<br>- Sunset<br><br>GAME MODES<br>- Free Practice<br>- Racing against AI<br>- Career<br>- Custom championship<br>- Online Multiplayer<br>- HotLap<br>- Time Attack<br>- Special Events<br>- Drift<br>- Drag race<br><br>FEATURES<br>- In game telemetry and apps<br>- Advanced car setup management<br>- Flags<br>- Penalties<br><br>APPS LIST<br>- Basic info<br>- Chat app<br>- Tyre app<br>- Real time app<br>- Help<br>- Lap time<br>- Pit stop presets<br>- Friends Leaderboard<br>- Camera On Board Customization<br>- Time of the day display<br>- Input monitor<br>- Time performance indicator<br>- Gear/rpm indicator<br>- Track map<br>- Rankings<br>- G-meter indicator',70),(252490,'Rust','Facepunch Studios','Facepunch Studios','2018-02-08','2021-09-02',0.86,583777,90016,52446,'20GB','images/gameimage/rust1.jpg','images/gameimage/rust2.jpg','The only aim in Rust is to survive. Everything wants you to die - the island’s wildlife and other inhabitants, the environment, other survivors. Do whatever it takes to last another night.','在游戏《腐蚀》中的唯一目标就是生存。<br><br>要做到这一点，你需要克服诸如与饥饿，干渴和寒冷之类的斗争。生火。建造庇护所。杀死动物取肉。保护自己免受其他玩家的袭击，并且干掉他们取肉。与其他玩家建立联盟，组建城镇。<br><br>尽一切可能生存下来。',116),(271590,'Grand Theft Auto V','Rockstar North','Rockstar Games','2015-04-13','2021-08-31',0.8293,992870,197244,77824,'72GB','images/gameimage/gtaV1.jpg','images/gameimage/gtaV2.jpg','Grand Theft Auto V 为玩家提供了探索屡获殊荣的洛圣都和布莱恩县世界的选项，分辨率高达 4k 及更高，并有机会体验以每秒 60 帧的速度运行的游戏。','一个初涉江湖的街头新丁、一个洗手多年的银行劫匪和一个丧心病狂的杀人狂魔，误打误撞中深陷犯罪集团、美国政府和娱乐产业之间盘根错杂的恐怖困境。他们必须齐心协力，接连完成九死一生的惊天劫案，才能在这个冷血无情的城市中苟延残喘。不要相信任何人，尤其是你的同伙！<br><br>PC 版Grand Theft Auto V 能够以超越 4K 的最高分辨率和 60 帧每秒的帧率，为您呈现屡获殊荣、令人痴迷的游戏世界——洛桑托斯市和布雷恩郡。<br><br>游戏为 PC 玩家提供了巨细无遗的独享自定义选项，包括纹理质量、着色器、曲面细分、反锯齿等超过 25 种不同设定，还有支持键鼠操控的广泛自定义功能。其他选项包括可控制车辆和行人流量的人口密度滑杆，以及对双屏、三屏、3D 和即插即用手柄的支持。<br><br>Grand Theft Auto V 同时包含 Grand Theft Auto 在线模式，这个活力四射、瞬息万变的联网世界支持多达 30 位玩家同时进行游戏，并且囊括了自发布以来的所有游戏升级以及内容更新。您可以凭借非法贸易发家致富，以 CEO 的身份一手打造自己的犯罪帝国；创立摩托车会以称霸街头；携手好友上演逆天抢劫任务；体验命悬一线的特技竞速；在独特的竞争模式中一展身手；更可以信马由缰，亲手为游戏创作新内容，并与全世界的 GTA 玩家共享。<br><br>PC 版 Grand Theft Auto V 和 GTA 在线模式同时提供第一视角模式，让玩家能够以全新方式探索游戏中洛桑托斯市和布雷恩郡细腻逼真、令人惊艳的种种细节。<br><br>随着 PC 版 Grand Theft Auto V 的推出，Rockstar 编辑器也一并登场。作为一套功能强大的创作工具，它能让玩家快速轻松地录制、编辑和分享在 Grand Theft Auto V 及 GTA 在线模式中的游戏影像。Rockstar 编辑器的导演模式能让玩家使用故事模式中的主要角色、路人，甚至是动物进行搭台布景，任由玩家天马行空，随心创作。除了高级镜头控制和剪辑特效 （包括快动作和慢动作） 以及多种镜头滤镜以外，玩家还可以将游戏中的电台曲目作为配乐，或者对游戏配乐的强度进行动态控制。影片制作完成后，可以直接从 Rockstar 编辑器上传至社交网络和 Rockstar Games Social Club，与其他玩家轻松分享您的游戏激情。<br><br>游戏原声音乐的创作者 The Alchemist 和 Oh No 同时回归游戏，作为 The Lab FM 电台的主持人。这个电台主打二者以游戏原声音乐为灵感创作的全新独家曲目，合作艺人包括 Earl Sweatshirt、Freddie Gibbs、Little Dragon、Killer Mike、Future Islands 的 Sam Herring 等等。此外，玩家也可以在洛桑托斯市和布雷恩郡寻幽探胜之际，通过由个人电台创建的自定义歌单，聆听属于自己的音乐。<br><br>† 获得独享内容需要 Rockstar Games Social Club 账户。请前往 rockstargames.com/v/bonuscontent 了解详细信息。',59),(275850,'No Man\'s Sky','Hello Games ','Hello Games ','2016-08-12','2021-09-06',0.7179,148452,56714,16370,'10GB','images/gameimage/sky1.jpg','images/gameimage/sky2.jpg','‘无人之地’是一个科幻题材的游戏，需要玩家在一个按程序生成的无限宇宙中探索和生存。','‘无人之地’从经典科幻小说中汲取灵感，囊括了大众喜爱的冒险和天马行空等元素。呈现给玩家一个充满独特行星和生命形式的星系。游戏中危机重重，无尽的探索等着你。<br><br>在‘无人之地’中，每颗星星都散发着遥远太阳的光辉，每个太阳都有充满生命的行星绕其运转，你可以选择其中任何一个前往。从太空深处飞往行星地表，一路畅通无阻，毫无限制。在这个按程序生成的无限宇宙中，你会发现大家从未见过的领域和生物——而且再无机会遇见。<br>开始一段史诗般的航行。<br>在星系的中心，冥冥中有一个不可抗拒的吸引力，引领你去探索宇宙的真正奥义。但是，当面对攻击性的生物和凶猛的海盗，你将明白死亡亦有代价；而生死存亡的关键往往取决于你如何升级飞船、武器和装备。<br>找到命运真谛<br>在‘无人之地’中，你的航行由你做主。你会成为一名战士，以侵略弱者为生，掠夺他们的财富，或掠夺海盗的战利品？掌握主动权，占据优势，升级飞船的速度和武器。<br>还是会成为一名商人? 在这个被遗忘的世界里找到丰富的资源，利用它们获取高额利润。以此投资更多的货仓空间，你将获得巨额回报。<br><br>亦或者成为一个探险家？超越已知领域，去发掘那些从来无人见过的地方和事物。升级你的引擎，带你飞得更远；增强宇宙服性能，在有毒环境中得以生存，而大意者只能走向灭亡。<br>分享你的旅程<br>这个星系是一个有血有肉，生生不息的世界。贸易航队在星际间穿梭，各派争夺地盘，海盗乘火打劫，星际战警也一直虎视眈眈。其他玩家都生活在同一个星系中，你可以选择在已知太空的地图上与他们分享你的发现。这样你不仅能看到自己的内容，也许也能看到对方操作行动的结果……',78),(289070,'Sid Meier\'s Civilization VI','Firaxis Games','2K ','2016-10-21','2021-08-12',0.8168,146579,31025,35971,'12GB','images/gameimage/sid1.jpg','images/gameimage/sid2.jpg','《文明VI》提供了多种新方式让您与世界互动、在地图上扩张城市、发展文明，以及对抗历史上的伟大领袖，以建立起经得起时间考验的强盛文明。共有20位史上著名的领袖任君挑选，包括秦始皇。','最早由传奇游戏设计大师席德·梅尔创作出来的《文明》是一款回合制策略游戏，让玩家尝试建立起一个帝国，并接受时间的考验。玩家将创建及带领自己的文明从石器时代迈向信息时代，并成为世界的领导者。在尝试建立起世界上赫赫有名的伟大文明的过程中，玩家将启动战争、实行外交、促进文化，同时正面对抗历史上的众多伟大领袖。<br><br>《文明VI》带给玩家与世界互动的新方式：城市现在可以在地图上实际地扩张，积极钻研科技和文化可以解锁新潜能，互相竞争的领袖会依据历史所记载的个人特征去追求自我宗旨，而且玩家可通过五种方式之一取得游戏胜利。<br><br>扩张帝国<br>让您以前所未有的方式看着帝国在地图上扩张壮大。每座城市都会占用多个格子，让您可以自行建设城市以充分运用当地的地形。<br><br>积极探索<br>解锁能加速文明历史进程的促进项目。若要进展地更快速，派您的单位积极探索、发展您的环境，以及发现新文化。<br><br>动态外交<br>与其他文明之间的互动会随着游戏的进行而改变。原始时代的初次互动可能是避免不了的战争冲突，但到游戏后期的互动将会转变成结盟与协商。<br><br>军力结合<br>以“每格一单位”的设计概念去做扩展，支援单位现在可以嵌入其他单位，例如反坦克单位支援步兵，战士支援拓荒者。类似的单位也可以结合在一起形成强大的“军团”单位。<br>更上层楼的多人游戏<br><br>除了传统的多人游戏模式外，还可以在众多各式各样的情境下（全都设计成可在一场游戏时间里轻松完成）与您的好友合作及对抗。<br>适合所有玩家的《文明》游戏<br><br>《文明VI》提供了老玩家建立及调整文明的新方式，让他们有最大的机会取得成功。新的教学系统能让新玩家理解游戏的根本概念，帮助他们轻松上手。',199),(292030,'The Witcher 3: Wild Hunt','CD PROJEKT RED','CD PROJEKT RED','2015-05-18','2021-05-25',0.9704,534310,11217,15877,'35GB','images/gameimage/witcher1.jpg','images/gameimage/witcher2.jpg','随着北方领域战乱四起，您接下了此生最为重大的一笔委托：找到预言之子，一件足以改变世界面貌的活生生的武器。','《巫师：狂猎》是一款情节驱动的开放世界角色扮演游戏。本作的故事发生在一个令人目眩神迷的奇幻宇宙里，玩家做出的每一个选择都意义重大，同时也要面对影响深远的后果。在《巫师》这个广袤的开放世界中，您可以尽情探索商业都市、海盗岛屿、危险的山隘和被遗忘的洞窟。<br>游戏特色<br>扮演一名训练有素，收钱办事的怪物杀手<br>猎魔人身处的世界怪物横行。作为一支制衡力量，他们自小接受训练，通过变异来获得超人类的战斗技巧、力量和反应。<br><br>扮演一名职业怪物杀手，装备一系列可以升级的武器、变种魔药和战斗法术，无情地把对手大卸八块。<br>凶残的野兽徘徊于山间，狡猾的灵异掠食者潜伏在人烟稠密的城镇暗处，而您则要捕杀这些各色的奇异怪物。<br>把您赚取的奖赏用来升级武器，购买订制的盔甲，或者花在赛马、打牌、拳击，还有其它的夜间娱乐生活上。<br><br>探索道德沦丧的开放式奇幻世界<br>巫师宏大的开放世界为玩家带来无尽的冒险，并且在规模、深度和复杂性等方面树立了新的标准。<br><br>遍历奇幻的开放世界：探索被遗忘的废墟、洞穴和沉船，与城市里的商人和矮人工匠做买卖，在开阔的平原、山地和海洋上进行狩猎。<br>与谋反的将领、阴险的女巫还有腐败的皇室打交道，替他们去完成见不得光的危险勾当。<br>做出超越善恶的选择，直面影响深远的后果。<br><br>追寻预言之子<br>接下最为重要的一笔委托，追寻预言之子。那是一个可以拯救或是摧毁这个世界的关键。<br><br>根据古代精灵的预言，预言之子强大无比，是一件活生生的武器。而您则要在纷飞的战火中找到对方的下落。<br>和一心想要控制这个世界的残暴统治者、野外的精怪，乃至于来自来世的威胁斗智斗勇。<br>在这个或许并不值得拯救的世界里，左右自己的命运。<br><br>次世代机能的全面发挥<br>专为次世代硬件量身打造的 REDengine 3，把《巫师》的逼真奇幻世界渲染得细腻生动。<br>动态的天气系统和日夜循环，将会改变城镇居民以及野外怪兽的行为模式。<br>通过主线和支线的丰富剧情选择，玩家可以通过前所未有的方式，影响这个宏大的开放世界。',127),(346010,'Besiege','Spiderling Studios','Spiderling Studios','2020-02-18','2021-08-10',0.9379,40185,1829,211,'1GB','images/gameimage/besiege1.jpg','images/gameimage/besiege2.jpg','Besiege是一款基于物理的建造类游戏，玩家可在其中建造中世纪的攻城工具。 在包含54个关卡的单人战役中一路战斗到底，与好友在多人游戏中引发混乱，借助关卡编辑器创造自己的世界，通过创意工坊使用模组来自定义游戏。','Besiege是一款基于物理的建造类游戏，玩家可在其中建造中世纪的攻城工具，摧毁巨大的堡垒和宁静的村庄。建造一台可粉碎风车的机器，消灭勇敢的士兵军队并运送宝贵的资源，抵御大炮、弓箭手和绝望敌人可支配的任何其他武器，以保护好你的创造物。创造缓慢移动的庞然大物，或笨拙地飞上天空，在完全可摧毁的环境中展开大屠杀。最后，你必须以尽可能有创意或无情的方式，摧毁王国城堡并消灭其人民和牲畜，从而征服每一个王国！<br><br>穿越到一个多元宇宙，在自定义竞技场中与其他玩家对战，或与好友组队消灭骑士军队、摧毁堡垒和洗劫定居地！<br>通过Steam创意工坊，下载其他玩家的战争机器、关卡、皮肤和模组，进一步自定义你的游戏体验！<br><br>找不到你想要的？那就自己建造！在关卡编辑器中，你可以决定玩家在哪里生成，目标是什么以及什么样。增加羊群和农民将令游戏别具魅力，但弓箭手或牦牛炸弹会给尝试完成目标的玩家带来挑战。<br><br>还想要更多？创建自己的模组或从创意工坊下载现有模组，扩展你的Besiege体验。模组可让你增加自定义机器模块、关卡目标、关卡逻辑等！<br><br>走进Besiege的世界，实现你的童年幻想！<br><br><br><br>核心特色：<br><br>单人战役 - 挑战性十足的单人战役包含54个关卡。征服4个不同主题的岛屿，夺取Besiege世界的胜利。<br><br>多人PVP与合作 - 勇敢投入史诗级战争机器战斗，或与好友展开完成目标和关卡的较量。合作征服目标、解决难题以及摧毁堡垒和军队。<br><br>开放式沙盒 - 与好友在开放式沙盒游玩，建造古怪的机器，并在闲暇时虐待关卡中的居住者。<br><br>关卡编辑器 - 与好友一起制作新的关卡，或在制作关卡时，邀请好友实时测试！借助关卡编辑器，建造城堡、创建军队、设计自定义游戏模式和目标，或打造出你理想中的关卡。<br><br>自定义皮肤 - 使用定制皮肤更改机器的视觉外观<br><br>模组支持 - 为Besiege制作模组从未如此简单，丰富的文档将帮助你入门。<br><br>创意工坊集成 - 在Steam创意工坊上分享和下载机器、皮肤、关卡以及模组。<br><br>本地化 - Besiege官方支持9种语言；<br>- 英语<br>- 法语<br>- 德语<br>- 西班牙语<br>- 日语<br>- 韩语<br>- 葡萄牙语<br>- 俄语<br>- 简体中文<br><br>成就 - 各种各样的成就等你来解锁。<br>云保存 - 永不丢失你的关卡进度或机器杰作<br><br>Discord：<br>其中拥有近10,000名成员，你一定能找到有关建造、模组制作和皮肤创作方面的帮助，如果你要寻求挑战，不妨参加建造比赛。<br>Discord社区也是寻找他人一起玩多人游戏的好地方！<br>',76),(348510,'Autobahn Police Simulator','Z-Software','Aerosoft GmbH','2015-08-26','2021-04-24',0.3201,590,1379,0,'5GB','images/gameimage/police1.jpg','images/gameimage/police2.jpg','Autobahn Police Simulator is the first simulation to realistically reflect the working life of a police officer on the German Autobahn. In numerous and diverse operations the player is responsible for enforcing law and order on Europe’s fastest roads.','Autobahn Police Simulator is the first simulation to realistically reflect the working life of a police officer on the German Autobahn. In numerous and diverse operations the player is responsible for enforcing law and order on Europe’s fastest roads.<br><br>In addition to the 40 missions revolving around the daily duties of the Autobahn Police, one can enjoy the extensive “Free Play” mode. This mode generates random radio calls for operations which the player is free to accept. All in all, this mode includes 100 additional operations at various locations and times of day. Accidents can be more or less severe and can also include trucks. The fully equipped patrol car houses all material needed to secure and inspect the accident site. Emergency vehicles, fire trucks and rescue services complete the scene at the accident.<br><br>Another option available to the player is to use the “Bitte folgen” (Follow Me) sign of the patrol car to flag down suspicious cars. Drivers trying to escape have to be chased down and stopped.<br>In the course of an inspection, the driver has to be examined for alcohol abuse, possession of drugs and for the roadworthiness of his car.<br><br>The simulation covers a total Autobahn stretch of 40 kilometres (approx. 25 miles). Some sections have a speed limit where the player can perform speed checks out of an unmarked police car.<br><br>Realistic radio communications create a real life and exciting atmosphere, further enhanced by the day and night mode with its emergency light operations.<br><br>The game offers a view from within the car as well as from an exterior camera view with a free movement. Using a steering wheel will make the simulation even more enjoyable.<br>Features<br><br>Approximately 40 km (25 mi.) of Autobahn<br>Two police vehicles – patrol car and unmarked car<br>Male and female game characters<br>Flagging down suspicious vehicles<br>Chasing down fleeing suspects<br>Checking for alcohol or drugs<br>Verifying TÜV (MOT) inspection stickers<br>Inspecting truck loads and checking truck driver rest periods<br>Using the unmarked car for speed patrols, then following-up with stops and issuing tickets<br>Small and serious accidents including trucks<br>Securing accident sites<br>Responding to accidents<br>On-site fire and rescue vehicles<br>Day and night shifts<br>Realistic radio communications<br>Support for gamepad and steering wheel',47),(374320,'DARK SOULS™ III','FromSoftware, Inc.','FromSoftware, Inc.','2016-04-11','2021-09-06',0.9304,264946,16772,6466,'25GB','images/gameimage/dark1.jpg','images/gameimage/dark2.jpg','Dark Souls即将推出极具话题性及代表性的系列新作。 作好准备，再次拥抱黑暗！','─赢得gamescom 2015 \"\"Best RPG\"\" 奖项，以及于2015 E3展获得超过35项奖项及提名─<br><br>DARK SOULS™ III为即将推出，极具话题性及代表性的系列新作。<br><br>当火渐熄，世界趋于毁灭，您将再踏上面临更多磨难、大量敌人与难关的旅途。玩家将沉浸在史诗氛围的世界之中，感受更快速的游玩节奏与棘手的战斗强度带来的黑暗气息。不论新手或是老玩家，都将因著名的游戏体验、实境般的游戏画面为之着迷。<br>如今仅剩余火尚存……作好准备，再次拥抱黑暗！',268),(386260,'Microcosmum: survival of cells','Satur Entertainment','Satur Entertainment','2015-04-24','2021-09-07',0.8058,1042,189,13,'500MB','images/gameimage/micro1.jpg','images/gameimage/micro2.jpg','Microcosmum: survival of cells. 投入难以想象的并非常美丽的微生物世界.','投入难以想象的并非常美丽的微生物世界.参加微观世界的自然选择.欣赏气氛音乐和美丽的世界.深深气氛和弛张的玩法使你投入游戏.不知约束的控制使你想出许多战略手腕.在生存竞争作为唯一的胜利者.<br><br>捕获所有的敌人.增加你微生物的力量好好改善它们.用你微生物的抗体攻击并捕获敌人.你胜利道路通的基础是你的周密考虑过的战略.<br><br>• 高质量的图形<br>• 奇特的玩法<br>• 深深的气氛<br>• 完全不知约束的控制<br>• 可用各种战略手腕',32),(447040,'Watch_Dogs 2','Ubisoft','Ubisoft','2016-11-29','2021-04-22',0.8135,42976,9060,1516,'27GB','images/gameimage/watch1.jpg','images/gameimage/watch2.jpg','欢迎来到技术革命的起源地：旧金山。扮演年轻的聪明黑客马可仕（Marcus），加入最恶名昭彰的黑客团体 DedSec。你的目标：执行史上最大规模的黑客行动。','扮演年轻的聪明黑客马可仕．哈洛威（Marcus Holloway），来到技术革命的起源地：旧金山湾区。<br>加入最恶名昭彰的黑客团体 DedSec，执行史上最大规模的黑客行动，彻底消灭犯罪首脑用来大规模监视操控市民的侵入性运作系统 ctOS 2.0。<br><br>探索动态开放世界，充满各种游戏操作可能。<br>骇进每一组联机装置，控制城市公共设施。<br>根据你的游戏风格培养不同技能，升级你的黑客工具：遥控车、四旋翼无人机、3D 打印武器和更多内容。<br>在全新的合作模式和对抗式多人游戏与好友无缝联机，享受全新的《看门狗》游戏体验。<br><br><br>시즌 패스로 모든 DLC 팩과 다양한 혜택을 받으세요.<br><br>눈으로 컨트롤하세요<br>당신은 Marcus Holloway가 되어 ctOS 2.0을 폐쇄하는 임무를 수행하게 됩니다. 토비 아이 트래킹으로 비밀 무기를 사용해 부패한 샌프란시스코만 지역의 Blume Corp를 막으십시오.<br><br>시선으로 “사물 인터넷\"을 무기화하고, 적을 조준하며, 더욱 자연스럽게 주변을 탐험하고 엄폐하십시오. 광범위한 시선 추적 기능으로 적이 숨기 전에 빠르게 위치를 파악하고, 주변과 소통하며 엄폐 장소를 확보하고, 해킹 가능한 목표를 빠르게 선택하십시오. 유해한 정보의 경제가 방해받는 곳에서 당신의 시선이 도시의 디지털 두뇌를 해킹하게 이끌어줄 것입니다.<br><br>아이 트래킹 호환 기기: Tobii Eye Tracker 4C, Alienware 17 Notebook, Acer Predator Notebook 21 X, MSI GT72 Notebook, Acer Predator Monitors Z301CT, Z271T, XB271HUT',298),(527230,'For The King','IronOak Games','Curve Digital','2018-04-19','2021-08-30',0.8696,20209,2535,1428,'3GB','images/gameimage/king1.jpg','images/gameimage/king2.jpg','《为了吾王》是一款结合桌游和 roguelike 类型元素的跨界策略 RPG 游戏。可以单机进行单人游戏或者在线多人合作。培养你的角色，极致发挥你的战术和策略。游戏支持中文。','国王被神秘的袭击者刺杀了。曾经和平的法鲁尔王国陷入了混乱。<br><br>女王无处可去，资源也消耗殆尽。她绝望地向这片土地上的人民请愿，希望人们能够奋起反抗，帮助阻止即将到来的厄运。您会勇敢面对无情的大自然，与邪恶的生物战斗，扬帆起航冲入黑暗的彼界吗？过去，想这么做的人没有一个活着回来的。您能成为终结混乱的那个人吗？<br><br>《为了吾王》对策略、日式 RPG 战斗和 Roguelike 元素进行了新颖的融合。<br><br>以掷骰子为灵感的独特战斗系统<br>基于独特的位置系统来攻击或使用特殊技能。组成队伍，在快速且残酷的回合制战斗中出生入死吧。寻找并采集草药，使用您可靠的烟斗治愈伤口和疾病。夜晚来临时可以建立安全的营地，也可以直面黑暗中的恐怖。<br><br>Rogue-lite 可重复游玩<br>每次新游戏时，程序都会随机生成地图、任务、战利品和事件等您解决，因此每次的体验都是独一无二的。您还可以在一次游戏结束之后使用知识购买武器、物品、NPC、职业、事件等！<br><br>多种游戏方式<br>可以选择将队伍分散来覆盖更多的地区，或者团结在一起以求保护！策略是否合理将会影响生死。<br><br>大量额外内容<br>《为了吾王》具有所有已经发布的扩展内容，例如“地牢爬行”、“冰冷的远征”、“非合作淘金模式”和“闯入深渊”等等！<br>请记住，冒险者，您这样做不是为了财富或名声，而是为了您的村庄，为了你的家园，为了国王！<br>',70),(578080,'PUBG: BATTLEGROUNDS','KRAFTON, Inc.','KRAFTON, Inc.','2017-12-21','2021-09-01',0.5472,991944,818833,204905,'40GB','images/gameimage/pubg1.jpg','images/gameimage/pubg2.jpg','绝地求生(PLAYERUNKNOWN’S BATTLEGROUNDS)是战术竞技类型的游戏，每一局游戏将有100名玩家参与，他们将被投放在绝地岛(battlegrounds)的上空，游戏开始跳伞时所有人都一无所有。','绝地求生(PLAYERUNKNOWN’S BATTLEGROUNDS)是战术竞技类游戏，每一局游戏将有100名玩家参与，他们将被投放在绝地岛(battlegrounds)的上空，游戏开始跳伞时所有人都一无所有。<br>游戏展开的方式是：玩家赤手空拳地分布在岛屿的各个角落，利用岛上多样的武器与道具。<br>随着时间的流逝，岛上的安全地带越来越少，特定地区也会发生爆炸的情况，最终只有一人存活获得胜利。<br>游戏的每一局比赛都会随机转换安全区，这样玩家的很新鲜与紧张感会更加强烈。<br><br>PLAYERUNKNOWN (Brendan Greene – 目前为PUBG Creative Director )是绝地求生类游戏的开拓者。他在ARMA2初次展现类似游戏模式，他的游戏模式也成为了ARMA系列与H1Z1:King of the Kill的基础。现在， 他为了打造真正的求生战场而在PUBG Corp.开发绝地求生(PLAYERUNKNOWN’S BATTLEGROUNDS)。',98),(591630,'Candleman: The Complete Journey','Candleman Games','Candleman Games','2018-02-01','2021-06-04',0.8793,896,63,2,'4GB','images/gameimage/candle1.jpg','images/gameimage/candle2.jpg','一根只能燃烧10秒的小蜡烛决心走出黑暗，追寻光明。','文不按古，匠心独妙 9/10 —— 大力@游戏时光<br>令人惊艳的光影魔法 —— 阿彬@机核<br>只有在你亲自体会过之后，才能有属于自己的感受 8.5/10 —— 游民星空<br>《蜡烛人》绝对是今年给我惊喜最大的国产游戏，没有之一 —— 多玩游戏<br>借10秒光明，在黑暗中温暖前行 —— 游一手@爱玩网<br>一手好牌打得出神入化 5/5 —— 凯威尔斯@奶牛关<br><br>《蜡烛人》是一款拥有独特游戏玩法和故事情节的动作冒险游戏。玩家将扮演一根只能燃烧10秒的小蜡烛，挑战由光与影构成的陷阱谜题，体验令人惴惴不安的游戏氛围，依靠微弱的火光探索黑暗的世界、追寻远方的光明，发掘冒险背后富有现实意义的童话故事……<br>',48),(638000,'When Ski Lifts Go Wrong','Hugecalf Studios','Curve Digital ','2019-01-23','2021-09-07',0.8351,599,74,1,'500MB','images/gameimage/ski1.jpg','images/gameimage/ski2.jpg','在 当滑雪升降机发生了故障 这个基于物理的解谜游戏里设计并建造滑雪缆车，跳台和桥梁。当滑雪升降机发生了故障 彻底颠覆了经典的桥梁建造游戏，给你带来全新的挑战！享受无畏的滑雪者们测试你的造物时的愉悦吧。','在 当滑雪升降机发生了故障 这个基于物理的解谜游戏里设计并建造滑雪缆车，跳台和桥梁。当滑雪升降机发生了故障 彻底颠覆了经典的桥梁建造游戏，给你带来全新的挑战！享受无畏的滑雪者们测试你的造物时的愉悦吧。<br><br>使用各式建材来建造滑雪缆车，跳台和桥梁来指引你的滑雪者们穿越艰险的高山。掌控系绳物理和对你造物的受力分析。确保你的滑雪客们一路上的安全和舒适。当你的设计技能不能把事情办妥的时候试试采用精湛的滑雪技巧来反败为胜吧。<br><br>游历大好河山，从绵延的山麓到高耸入云的山峰，都有着符合场景精心设计的谜题，确保你的滑雪客们到达终点。在你朝着冠军路前进的时建造更加令人叹为观止的建筑，当然，别忘了看看预算！<br><br>使用简单易懂的关卡编辑器来制造你自己的关卡，你唯一的限制是你的想象力。使用滑道编辑器来自定义你的谜题，然后用程序生成的高山模拟器，场景和设置来赋予它生命。在同一关卡里结合缆车和贡多拉来到达最高峰，或者建造你梦中的高峰来锻炼你的滑雪技巧。<br><br>和社区分享你的最自豪也最鲁莽的瞬间吧。游戏内置了gif和mp4输出来确保你可以在线共享你的经历和原创作品。或者让steam创意工坊的群众们来为你的关卡做测试。',50),(646910,'The Crew 2','Ivory Tower','Ubisoft ','2018-06-29','2021-09-07',0.7867,40834,10329,641,'8GB','images/gameimage/crew1.jpg','images/gameimage/crew2.jpg','探索并征服全美陆、海、空各领域的所有赛事，为美国动力竞速史写下崭新的一页。驾驶各式各样、种类繁多的车辆、重机、快艇及飞机，在各种形式的赛事中一较高下。','《飙酷车神2》免费试玩4 小时内免费畅游完整游戏内容<br><br>革命性赛车游戏推出最新力作了！《The Crew® 2》将让你在前所未有的开放世界中，体验精彩刺激的美式赛车精神。欢迎来到动力世界，这个巨大、内容丰富且风貌多变的美丽赛场是专为全美各项动力竞速所打造的，可尽情从陆、海、空三个不同的领域体验不受拘束的探索旅程。来自全国各地的街头赛车手、职业赛车手、越野探险家及无限制竞速者都齐聚一堂，在各种类型的赛事中一较高下。与他们一起参加速度感满点的激烈赛事，然后与全世界一同分享每个光荣时刻吧。<br><br>《The Crew® 2》让你有机会展现自己的精湛技巧，甚至扶摇直上，成为多才多艺的动力竞速王者。<br><br>特色<br>欢迎来到动力世界 - 接受来自陆、海、空各方面的挑战吧<br>在各大知名地点突破自我极限，感受崭新的体验。你可以在白雪皑皑的落矶山脉上空，享受腾云驾雾的飞行快感；或是在纽约市的黑街暗巷，烧胎烧到烟雾弥漫；甚至可以在密西西比河急速狂飙，并探索大峡谷每一寸的雄伟景致。驾驶你梦寐以求的顶级超跑、骑乘最具代表性的美式机车，或操控迅捷如风的特技飞机与快艇，让你在彻底重新设计过的美国中享受无尽的乐趣，或是接受无穷的挑战。<br><br>快速切换各种载具，体验 100% 无缝接轨的驾驶乐趣<br>在《The Crew® 2》中，你可以驾驶最喜爱的载具，体验开放世界的自由探索乐趣。只要按下一个按钮启动“快速切换最爱”功能，你就能立刻更换载具，在这个浑然一体的巨大开放世界中探索各式各样的可能性。驾着你的梦幻超跑逛遍整个洛杉矶，然后换成迅捷如风的特技飞机冲上摩天大楼顶端，从高空欣赏好莱坞雄伟的景致；接着在抵达海岸线时再换成灵活的快艇，轻巧平顺地降落在太平洋上。这个世界将带给你无尽的乐趣及挑战。<br><br>成为梦寐以求的冠军<br>在这个国度中，你可以加入 4 种截然不同的动力竞速家族：街头赛车手、职业赛车手、越野探险家、无限制竞速者。他们会让你接触最新的载具，也会向你介绍他们独特的动力竞速文化与一系列的赛事形式。透过各种竞赛及偶然获得的机会，你就能发掘出自己的竞速风格并加以磨练；此外你也能收集并改装自己的梦幻载具，然后将这些载具展示在自己的基地之中。总有一天，你会在美国的动力竞速史上留名青史。<br><br>在共通的世界中分享成就并成为超级巨星<br>分享个人成就或与好友及网友共度的独特时刻，是让《The Crew® 2 》的世界成长茁壮的强大动力 —— 打破纪录，成为走在尖端的先驱者吧！每当你达成了某个成就，系统就会储存你的表现并使其成为其他玩家的挑战目标；在此同时，你也会跃跃欲试地想超越其他玩家的杰出表现。只要按下一个按钮，你就能捕捉及分享每一个精彩时刻。',248),(648350,'Jurassic World Evolution','Frontier Developments ','Frontier Developments ','2018-06-12','2021-06-13',0.842,38380,6446,728,'8GB','images/gameimage/jurassic1.jpg','images/gameimage/jurassic2.jpg','身临其境地沉浸在侏罗纪系列的舞台中，打造您自己的侏罗纪世界。这些通过生物工程打造的恐龙拥有高度智慧，能够对周遭的环境进行思考、感知，并作出反应。而在这个未知的世界里，生命总会找到自己的出路。同时您还要面对商业间谍活动、展品出逃，以及破坏性的热带风暴带来的威胁。','执掌传说中的死亡群岛，让神奇壮观而又危险无比的恐龙重现世间。在这个未知的世界里，生命总会找到自己的出路。而您的建设则要顾及到科研、娱乐，或是安全等方面的问题。<br><br>这些通过生物工程打造的恐龙拥有高度智慧，能够对周遭的环境进行思考、感知，并作出反应。凌驾于自然生命之上，将独特的行为、特质和外观赋予您的恐龙。收容这些史前巨兽来获得盈利，为您在全球发掘失落的恐龙 DNA 提供资金。<br><br>通过深度管理工具执掌大局；您也可以脚踏实地或是驾机升空，亲自面对挑战。扩建您的岛屿，由您来决定自己未来的经营方向。本作囊括了侏罗纪系列的标志性角色，同时增添了全新的故事剧情。侏罗纪系列数十年来的背景内容，让您触手可及。',120),(690790,'DiRT Rally 2.0','Codemasters ','Codemasters ','2019-02-26','2021-08-20',0.8246,19009,3586,457,'100GB','images/gameimage/dirt1.jpg','images/gameimage/dirt2.jpg','在《DiRT Rally 2.0》你将驾驶史上最强力的越野车接受挑战，在精心挑选出的全世界最具代表性的拉力赛道上披荆斩棘，牢记即使最小的失误也能导致赛段的失败。','在《DiRT Rally 2.0》你将驾驶史上最强力的越野车接受挑战，在精心挑选出的全世界最具代表性的拉力赛道上披荆斩棘，牢记即使最小的失误也能导致赛段的失败。<br>你需要依靠自己的直觉，在这最具沉浸感和专注于越野体验的赛道中一往无前。包括了全新的真实操纵模式、轮胎选择以及表面污渍处理。发动你的拉力车穿越现实中新西兰、阿根廷、西班牙、波兰、澳大利亚和美国的越野环境，只有你的领航员和你的本能指引你前行。<br>在八条国际汽联世界汽车拉力锦标赛官方赛道上竞速，驾驶经过授权的超级赛车和支持系列来完成比赛。<br>围绕比赛策略来打造你的团队和赛车，在单机生涯模式和竞争性的联网模式中通过选择不同的事件和竞标赛来推进游戏进程。<br><br>•超过50种史上最强力的越野赛车-驾驶历史上以及现代的各种拉力赛车如VW Polo GTI R5、Mitsubishi Lancer Evolution X及Citroen C3 R5突破各种环境。当然也可以尝试掌控Chevrolet Camaro GT4.R富有挑战性的威力。<br><br>•6种现实中的拉力赛段-你的车轮将穿越新西兰、阿根廷、西班牙、波兰、澳大利亚和美国令人惊艳的环境。<br><br>•感受比赛-操作手感、表面、难度及环境的提升带来了前所未有的真实而令人沉醉的越野体验。<br><br>•国际汽联世界汽车拉力锦标赛官方游戏-在不同系列中在Barcelona、Montalegre、Mettet、Lohéac Bretagne、Trois-Rivières、 Hell、Höljes和Silverstone八条官方赛道上竞赛。<br><br>•开发属于你自己的团队-创建车队，雇佣员工并根据自己的选择来扩展车库。<br><br>•调校-不断调整你的赛车以适应你的驾驶风格及不同赛道的环境特点。通过配置每辆车的结构来减轻磨损，升级各个部件来确保你的赛车随时准备好面对任何挑战。<br><br>•更强的竞争性-在日常、周常以及月常挑战中与整个DiRT社区进行比赛，参与全球排名和事件。',80),(728880,'Overcooked! 2','Ghost Town Games Ltd.','Team17','2018-08-07','2021-09-07',0.8867,29207,3084,1637,'3GB','images/gameimage/overcook1.jpg','images/gameimage/overcook2.jpg','Overcooked 回来了，带着全新的烹饪行动！重返洋葱王国，通过经典的本地合作模式或是在线游戏模式组建多达四人的大厨团队。系好你的围裙……是时候（再一次）拯救这个世界了！','Overcooked 回来了，带着全新的烹饪行动！重返洋葱王国，通过经典的本地合作模式或是在线游戏模式组建多达四人的大厨团队。系好你的围裙……是时候（再一次）拯救这个世界了！<br><br>上刀山，下油锅……<br><br>你曾经在 Ever Peckish 拯救了这个世界。如今新的威胁降临了，是时候回到厨房中，将那些来势汹汹的行食走肉赶跑了！<br><br>在线/本地多人模式的狂欢- 你们要在欢快的本地或在线多人模式中精诚合作（或是互相捣乱），勇得糕分。<br><br>大饱口（眼）福- 上天入地下海，来一场全新的环球之旅。在全新的主题餐厅中进行烹饪——寿司屋、魔法学校，甚至还有外星球！<br><br>胃口大开！- 在旅行中烹饪出的一系列新菜谱绝对能满足各种口味，有寿司、蛋糕、汉堡还有披萨。<br><br>保持冷静！- 穿过传送器，跨过移动平台，为了节约时间你们甚至要在不断变化移动的厨房中互相投递食材。有的厨房甚至会将你的厨师甩到其他地方。',98),(736190,'Chinese Parents','墨鱼玩游戏','墨鱼玩游戏','2018-09-29','2021-09-07',0.898,20208,1791,261,'500MB','images/gameimage/parents1.jpg','images/gameimage/parents2.jpg','这是一款轻松休闲的模拟养成游戏，模拟从出生到成人这段过程，探讨孩子与父母之间的关系。','这是一款现实主义的模拟游戏，游戏模拟从出生到成人的整段过程，探讨孩子与父母之间的关系。<br><br>这可能是你玩过的最扎心的模拟养成游戏。<br><br>你，扮演一个出生在普通家庭的孩子，体验一段从出生到成人的成长之旅——<br><br>面对生活中的抉择，你将如何应对？<br>面对偶遇的熊孩，你的特长能否赢得面子？<br>面对哗众取宠的选秀，你是否能脱颖而出？<br>面对那个特别的Ta，你又会如何对待……<br><br>最重要的是，在这个飞速发展的时代，你的目标要经过几代人才能实现？<br><br>难忘的成长过程——经历从幼儿园、小学、直到成人的成长之旅<br>征集自玩家的事件——寥寥几句，但直击人心<br>逗比又幽默的美术——让你在会心一笑中回忆起成长时的点滴<br>个性化地培养孩子——培养属性厚积薄发，or 拔苗助长猛学技能？<br>接地气的游戏系统——比拼面子，特长选秀，过年拿红包时的推搡应有尽有<br>2种不同的社交系统——青春期后，儿女将以不同的方式与同学展开羁绊<br>共计14位可以交际的同学——培养感情，了解关于TA们的故事，或许在毕业后还能再见？<br>多结局走向——几十种学业和职业结局等你解锁<br>世代传承的设计——天资将会代代积累，要经历几代才能实现阶层跨越？',64),(837470,'Untitled Goose Game','House House','Panic','2020-10-23','2021-08-31',0.9251,7018,320,139,'830MB','images/gameimage/goose1.jpg','images/gameimage/goose2.jpg','今天村里天气真不错，而你是一只可怕的鹅。','Untitled Goose Game 是一款偷袭式闹剧风格的开放式游戏，你在游戏里是一只鹅，让原本清静的村庄心神不宁。在小镇上四处游荡，从后院到街头店铺，再到村里的绿地，搞恶作剧、偷帽子、嘎嘎叫，毁掉所有人一天的生活。<br>特点：<br>可怕的鹅（就是你）<br>一个充满居民的小镇，他们只想平静地生活（你却讨厌他们）<br>专用鹅叫按钮（！！！)<br><br>另外<br>哎呀！两只可怕的鹅！<br>现在，你可以在新的双玩家合作模式下，与朋友一起玩 Untitled Goose Game。作为两只可怕的鹅，玩过整个游戏，两只一起叫，一起搞恶作剧，一起毁掉所有人一天的生活。<br><br>向 Untitled Goose Game 所有用户提供的免费更新<br>两个玩家一起玩整个游戏<br>新鹅，新叫声，仍旧很可怕',70),(870780,'Control Ultimate Edition','Remedy Entertainment','505 Games','2020-08-27','2021-09-06',0.8688,22110,2811,1148,'42GB','images/gameimage/control1.jpg','images/gameimage/control2.jpg','《Control》赢得超过80项大奖，游戏画面如同精彩的视觉盛宴，踏上节奏紧张刺激的第三人称动作冒险旅程，让你每一秒都无法松懈。','Control Ultimate Edition把主游戏和所有之前发布的扩展包（“基础”和“异世界事件”）都收录在一个超值礼包中。<br><br>某种腐败的存在侵入了联邦控制局……只有你有能力阻止它。现在，世界就是你的武器，助你穿越深不可测的环境，歼灭邪恶的敌人，进行史诗般的战斗。收容失败，人类面临着生死关头。你能重新控制局面吗?<br><br>《Control》赢得超过80项大奖，游戏画面如同精彩的视觉盛宴，踏上节奏紧张刺激的第三人称动作冒险旅程，让你每一秒都无法松懈。 Control将开放式环境与著名开发团队Remedy Entertainment的标志性世界构建和故事讲述方式相结合，为玩家提供广阔而有强烈满足感的游戏体验。<br><br><br>主要特色<br><br>揭开神秘的面纱<br>你能处理好控制局黑暗的秘密吗？展开史诗级的超自然探险，<br>充满了意想不到的角色和怪异的事件，<br>寻找你失踪的弟弟，发现你被带到这里<br>的原因。<br><br>一切都能成为你的武器。<br>通过改变武器装备和心灵传动能力来释放<br>破坏力。利用强大的能力将周围的一切变成致命武器，<br>探索消灭敌人的新方法。<br><br>探索隐藏的世界。<br>深入秘密政府机构的邪恶<br>空间。探索控制局里变幻莫测的环境，<br>结果却发现表象之下总有更多看不到的。<br><br>为了控制而战。<br>完成刺激的任务和具有挑战性的头目战与无情的敌人作战，<br>获得强大的升级，最大程度地发挥各项能力，<br>定制你的武器。<br>',198),(972660,'Spiritfarer','Thunder Lotus Games','Thunder Lotus Games','2020-08-18','2021-09-07',0.9334,11976,495,2059,'7GB','images/gameimage/spi.jpg','images/gameimage/spi2.jpg','《Spiritfarer®》是一款关于死亡的休闲管理游戏。作为逝者的船主，建造一艘船去探索世界，关爱你的幽灵朋友，引导他们穿越神秘的海洋，最终将他们送到来世。','《Spiritfarer®》是一款关于死亡的休闲管理游戏。你扮演逝者的船主斯特拉，也是一名灵魂摆渡者。建造一艘船去探索世界，然后帮助和关爱幽灵，最终将他们送到来世。耕种、采矿、捕鱼、收割、烹饪，并用你自己的方法渡过神秘之海。加入小猫达芙迪尔的冒险之旅，开启双人合作模式。与你的幽灵乘客一起度过悠闲的美好时光，创造永恒的回忆，最终学会如何向你珍爱的朋友道别。<br><br>游戏特色：<br>享受美丽的手绘艺术和动画。<br>建造、管理和改进你的渡船。<br>耕种、采矿、捕鱼、收割、烹饪、编织、制作！各种各样的活动在等着你！<br>结识一群令人难忘的角色，带他们上船，关爱他们，与他们建立良好的关系。<br>你可以采用奔跑、跳跃和滑行的方式一路闯过精心设计的平台关卡。<br>探索奇幻和充满想象力的世界。寻找和收集各种资源，以升级你的船只并为乘客制作礼物。<br>体验充满难忘瞬间的感人故事。<br>放松几个小时，进入舒适且令人放松的游戏。花上30个小时即可完成整个游戏，花上几百个小时则能详细感受《Spiritfarer》的所有细节。<br>游戏内针对船只、角色甚至是小猫都有丰富的自定义选项，助你打造独一无二的冒险之旅！<br>在可选的本地合作模式下扮演小猫达芙迪尔。',90),(973580,'Sniper Ghost Warrior Contracts','CI Games','CI Games','2019-11-22','2021-04-20',0.7162,5712,2093,189,'20GB','images/gameimage/sniper1.jpg','images/gameimage/sniper2.jpg','在这款市面上最真实的现代战争狙击游戏中成为终极杀手吧。在巨大的开放式地图上，体验引人入胜的单人战役。你需要发挥战术思维，悄悄接近目标并从远处将其精准击毙。','完成各项目标明确的契约以获得固定的金钱奖励，此外还有可获得额外报酬的挑战选项。在《契约》中，玩家能通过数百种方法来消灭各种各样的目标，体验顶级的精准战术式狙击游戏。<br><br>扮演一名受人雇佣的杀手，且要小心其他狙击手，他们是你的竞争对手，会想方设法阻扰你精心准备的计划。<br><br>开放式契约<br>赏金和挑战将提供重玩性极强的各类选项，消灭目标并收集现金以兑换升级。<br><br>全新的动态光栅系统<br>提供最逼真而刺激的狙击体验。<br><br>升级过的增强现实面具<br>可扫描环境并高亮显示薄弱处或是有价值物件。<br><br>武器库内含有大量新奇装置<br>包括无人机、遥控狙击炮台和毒气手雷。尽情展现你的潜行技巧，悄无声息地击毙目标，凭借富有策略性的游戏风格赚取丰厚的报酬。<br><br>与残酷的西伯利亚荒野作斗争<br>在冰天雪地的山脉、枝叶繁茂的森林以及深山里的秘密基地中为生存而战。',98),(998940,'隐形守护者 The Invisible Guardian','New One Studio','New One Studio','2019-01-23','2021-09-05',0.8448,39485,6480,75,'0.5GB','images/gameimage/invisible1.jpg','images/gameimage/invisible2.jpg','《隐形守护者》长篇真人互动影像体验（橙光授权改编新作），创造属于每个人自己的谍战传奇！ 人间正道是沧桑！谨以此作品向曾经奋斗在秘密战线的无名英雄们致敬！','完整版内容包括【序至5章】和DLC【6至10章，终章】。本产品需全程联网。<br><br>总有一种理想，值得我们为之守护……你是否曾经幻想在抗战年代，独自潜伏于多方黑暗势力之中，成为一名隐形守护者，为抗战胜利奉献青春甚至牺牲生命？<br>时代、信仰、忠孝、情义、爱恨、恩仇、人性……万象艰险之中，当你置身于两难境地之时，究竟该如何选择？乱世谍战，守护初心，看地下英雄如何周旋于各方势力！获取情报，扭转乾坤，你的选择诞生百千种生死剧情！踏上隐形的战场，这个使命你能否完成？这个秘密你能否守护？<br>人间正道是沧桑，谨以此作品向曾经奋斗在秘密战线的无名英雄们致敬！<br><br>剧情背景<br>你叫肖途，两年前的你，还是上海一名慷慨激昂的爱国学生，在街头奔走疾呼“抗日救亡”，却因年少血气方刚，被逮捕入狱。释放后老师安排你去往日本留学，两年后，你当年的爱国学生形象早已被人们遗忘，老师与组织决定让你打入敌人内部，你要如何机智地扮演好这个“谍中谍”？面对一个个艰难的选择是顾全大局还是心慈手软？<br>一起回到战火纷飞的动荡年代，成为一名隐形守护者，亲身体验步步为营的谍战人生。你的每一个选择都将影响结局的走向，上百种分支剧情等你解锁！四大完全不同的大结局让你感慨万千！<br><br>荣获奖项<br>这一年来，我们陆续获得了很多奖项：<br>荣获英国电影电视艺术学院展奕计划（中国）奖项（BAFTA Breakthrough China Winner)<br>荣获App Store年度最佳迷人剧情奖<br>荣获TapTap年度游戏大赏最迷人剧情奖<br>荣获Game Look年度最强音最佳游戏剧情奖<br>荣获金葡萄奖年度最受关注游戏<br>荣获小米应用商店最高荣誉奖项金米奖<br><br>这一切是离不开大家一直以来的支持和认可，谢谢大家！<br>时光消逝，但我们热爱的许多事物，将永远延续。',28),(1049100,'Christmas Tina -泡沫冬景-','Nekoday','Coconut Island Games','2020-01-03','2021-08-02',0.9196,3929,177,9,'3GB','images/gameimage/tina1.jpg','images/gameimage/tina2.jpg','每个人都有自己的故事。片冈智的那支笔，书写的到底是邂逅于1988的中国少年与日本少女，还是沉浮于此刻的你和我？这是中日的创作者们共同打造的奇迹，这是一款不多见的现实主义视觉小说，这是他们的故事，也是你的。','——那时的你，与谁共度？<br><br>——并非“恋爱”的邂逅。<br><br>泡沫青春群像AVG<br><br>时值 1988 年，泡沫经济下的日本。<br><br>　　崭新的大楼群如雨后春笋般纷纷建起，社会气氛热闹非凡的时代。<br><br>　　古旧物渐渐消失，新生物不断诞生。身处其中，谁也不曾注意到……<br>　　或者说、即使注意到了也视而不见的——那些地方，那些人，那些物。<br><br>　　而在这样的都市一角中生存着的人们，<br>　　本作便是围绕着他们几近一年的“交流”所展开的群像剧故事。<br><br>在乡间小镇居住的高一学生樱井栞奈，因为暑假所遭遇的交通事故影响，<br>　　在老家的生活也变得难以为继。<br><br>　　而在同一时期的中国，高考落榜后的景萧然不情不愿地就职度日，<br>　　不知不觉中已然消磨了一年时光。<br><br>　　就在这时，两人不约而同地耳闻了正处于泡沫时期的东京盛况，<br>　　栞奈毅然决然地从高中肄业，孤自背井离乡上京；<br>　　萧然也辞去工作，怀抱着诸般思绪只身前往日本。<br><br>　　而两人在此处所邂逅的，则是一份略显古怪的工作——<br>　　“在这座破旧站房里住下来就行了。”<br><br>　　时薪400日元的报酬，虽相比同期工作很是低廉，但工作时间却是一天24小时，<br>　　也不用担心房租和水电燃气费问题，想来很是划算。<br><br>　　为人笨拙的栞奈，以及不谙日语的萧然。<br>　　而这份工作所需要的只有一个人。<br>　　围绕着互不相让的两人，在接受了房东佐仓诗织的建议后，<br>　　彼此便在不情不愿中就此开始了限定一年的“同居”生活。',76),(1085660,'Destiny 2','Bungie','Bungie','2019-10-01','2021-08-31',0.8406,335140,60170,81869,'105GB','images/gameimage/destiny1.jpg','images/gameimage/destiny2.jpg','命运2是发生在一个独立进化的世界中的一款免费的大型多人线上动作游戏。你可以在任何时间与任何地点和你的朋友们进行游戏。','进入命运2的免费游戏世界来探索我们太阳系的隐秘并体验第一人称射击战斗。解锁强大的元素技能并收集独特的装备来个性化你的外观和游戏风格。独自或与其他朋友一起体验命运2的影片故事，进行合作任务，或与其他守护者在PvP模式中进行竞争。今天免费下载，在星空中书写你的传奇。<br><br>引人入胜的故事<br>你是一名守护者，在太阳系中守护人类圣城不被邪恶敌人侵害的保护者。守望星空与暗影正面相抗。你的传说现在开始。<br><br>守护者职业<br>从重装的泰坦、神秘的术士和灵动的猎人中选择。<br><br>泰坦<br>训练有素，傲然群立，泰坦既能激进攻击，又可坚守阵地。点燃你巨锤上的火焰，若闪电划过天空，正面冲击你的敌人。你的队伍将在你的坚强屏障后傲然挺立。<br><br>术士<br>术士将宇宙奥秘化作自己的武器，保护自己，毁灭敌人。让战场上降下毁灭之雨，眨眼间清除成群敌人。你的同伴将会知道光能真正的力量。<br><br>猎人<br>灵活且勇猛，猎人行动敏捷，枪法如神。舞动你的金枪，在敌人中如旋风闪过，或是在阴影中给予敌人致命一击。找到敌人，瞄准，然后在战斗开始之前就结束一切。<br>合作或竞技类多人游戏<br>在多样的PvE和PvP游戏模式中和你的朋友与其他守护者一起合作或竞争<br><br>合作类多人游戏<br>充满稀有强力奖励的合作探险。利用任务、分支任务和巡逻来体验故事情节。纠集一只小的火力战队，并在打击的最后获取宝箱中的奖励。或是在数小时的突袭推进中检验你的火力战队的技术——这对于任何火力战队都是终极的考验。你决定你的传奇从哪里开始。<br><br>竞技类多人游戏<br>在无限制交战、团队竞技场和PvE/PvP混合竞赛中与其他玩家正面相抗。在你的日历上标注出特殊的比赛，比如铁旗。并在活动结束前领取限时奖励。然后，在你准备好之后，进入奥斯里斯试炼，在那里，你与荣耀之间唯一的阻碍，就是那些最棒的玩家。<br>异域武器和护甲<br>上千种武器，百万种选择。发掘全新的装备搭配并决定你自己的个人风格。完美军械库的狩猎现在开始。',0),(1091500,'Cyberpunk 2077','CD PROJEKT RED','CD PROJEKT RED','2020-12-10','2021-09-06',0.7491,327538,106755,9096,'70GB','images/gameimage/2077 1.jpg','images/gameimage/2077 2.jpg','《赛博朋克 2077》是一款开放世界游戏，故事发生在夜之城，权力更迭和身体改造是这里不变的主题。扮演一名野心勃勃的雇佣兵：V，追寻一种独一无二的植入体——获得永生的关键。自定义角色义体、技能和玩法，探索包罗万象的城市。您做出的选择也将会对剧情和周遭世界产生影响。','《赛博朋克 2077》是一款开放世界动作冒险游戏，故事发生在夜之城。这是一座五光十色的大都会，权力更迭和身体改造是不变的主题。您扮演一名野心勃勃的雇佣兵：V，正在追寻一种独一无二的植入体。只要得到它，就能掌握获得永生的关键。您可以自定义角色的义体、技能和玩法，探索包罗万象的城市。您做出的选择也将会对剧情和周遭的世界产生影响。<br><br>扮演亡命街头的雇佣兵<br>化身装备机械强化义体的城市雇佣兵，成为一名赛博朋克，在夜之城的街头谱写属于您的传奇。<br><br>未来都市的街头百态<br>进入夜之城的庞大开放世界。在这里，视觉效果、复杂程度和游戏深度都将得到全新的定义。<br><br>盗走能够带来永生的植入体<br>接下有生以来最危险的任务，追寻能够带来永生的原型植入体。',298),(1097150,'Fall Guys: Ultimate Knockout','Mediatonic','Mediatonic','2020-08-04','2021-09-06',0.8233,319365,65331,6276,'2GB','images/gameimage/fall1.jpg','images/gameimage/fall2.jpg','《糖豆人: 终极淘汰赛》是一款多人乱斗的闯关综艺游戏，这里可以亲身体验综艺闯关的刺激！在最多可容纳60人的线上竞技场内，一轮又一轮敌我难分的比赛中，刺激和乱斗将会无限升级！','在《糖豆人: 终极淘汰赛》这个大型闯关综艺现场，你将和大批参赛者共同面对一场“欲戴皇冠必趁其乱”的冲关竞技！你要灵活应对野蛮生长的障碍物，挤开黏人的比赛对手，跌跌撞撞地向荣耀发起冲锋。自踏入赛场的一刻起，就请将面子和理智丢到九霄云外，在向皇冠发起挑战的过程中，尽情享受令人捧腹的史诗级名场面吧！<br><br>【闹哄哄的多人闯关综艺】：游戏中，你将在扮演一个萌贱的糖豆人，在线体验参与闯关综艺的刺激！在这里迎面扑来的是一组组异想天开的挑战和妙趣横生的障碍赛，同台竞技的则是一批又一批来自世界各地的线上玩家。大家的共同目标都是淘汰对手，晋级下一轮，迎接新的混乱之战。<br><br>【乱斗只为争夺唯一的皇冠】：所谓“剩”者为王，只要留到最后，全场唯一的胜利皇冠就是你的！欲戴皇冠，不趁乱搞事怎么能行？看着你身旁的对手们被推搡地弹来飞去摔出场外，还有什么比这更能令人身心愉悦！请尽情享受与对手的相爱相杀、碰撞乱斗吧！<br><br>【超随机的关卡，未知的挑战】：你永远无法知道下一个挑战是什么！完全随机的关卡，带领糖豆人们迎接未知的挑战！各式竞赛关卡会在各自为战的大乱斗与合作比拼的小组赛中来回切换，各种稀奇古怪的关卡设置，让每一次挑战都充满新鲜感，让每一次胜利都酣畅淋漓！准备好迎接挑战了吗？<br><br>【装扮你的百变小糖豆】：全场最强和全场最靓，我全都要！无论是时尚经典永不过时的菠萝套装，还是流行前沿羡煞旁人的兔兔帽，在糖豆人的世界里统统可以拥有，多种造型不重样，你就是整场比赛最靓的崽！',58),(1114430,'Ballex','MushREB Games Studio ','MushREB Games Studio ','2019-08-13','2021-08-10',0.8343,303,32,6,'2GB','images/gameimage/ballex1.jpg','images/gameimage/ballex2.jpg','在Ver.1.1更新中，Ballex增加了全新的第三章，包括新增的13~17关，充满难度和挑战。同时优化了大量问题，新增新的画面设置等。快来体验体验这款十分十分友好的游戏吧！（大雾','Ballex是一个画面唯美的 硬核 滚球类游戏。在这里，你将操控7种不同物理属性的球，直面十余个不同天气状况下的宏伟空中楼阁的挑战。你会在危险的陷阱之间穿梭，或是利用各式各样的机关去解决一个又一个刺激烧脑的谜题。<br>敢不敢前来冒险，挑战能力极限？<br><br>◆Ver.1.1大版本更新◆<br>在这次更新中，Ballex增加了全新的第三章，包括新增的13~17关，充满难度和挑战。同时优化了大量问题，新增新的画面设置等。快去更新吧！<br>◆画面◆<br>Ballex采用了唯美的画风，拥有十余种不同场景，在紧张的冒险旅途中也可以欣赏周围的美景。如果你对自己的设备的性能非常有信心，你可以在设置中调高画面质量和分辨率，你将会得到更加优秀的视觉体验。<br>◆操控◆<br>Ballex的控球手感经过精心细致打磨，滚球操控灵活自如。你也可以更改默认键位以应对手感的独特需求，选择你最舒适的体验。<br>◆关卡◆<br>Ballex1.1版本中内置17个关卡，难度层层递进，充满挑战性。在后续更新中将持续增加新的各有特色的关卡。与此同时，你也可以使用创意工坊，下载其他玩家创造的有趣的关卡游玩。<br>◆地图编辑器◆<br>Ballex开放用户自制地图的功能，允许用户使用专用的地图编辑器创作属于自己的自制地图。地图编辑器已附赠在游戏中，快来开发你的脑洞吧！（地图编辑器是英文的哦，不过会有中文教程文档，不要担心！）<br>◆灵感来源于Ballance◆',18),(1133590,'Stilt Fella','September Games','September Games','2020-02-26','2021-06-19',0.8562,653,62,5,'1GB','images/gameimage/stilt1.jpg','images/gameimage/stilt2.jpg','这是一款基于物理原理、极具挑战性的街机游戏，玩家需在游戏中踩高跷并克服障碍。','这是一款基于物理原理、极具挑战性的街机游戏，玩家需在游戏中踩高跷并克服障碍。支持简体中文！<br><br>特点：<br>设有40个关卡，踩高跷挑战的难度不断增加！<br>自定义高跷小子，展现你的独特风格！<br>与其他玩家在在线排行榜上一较高下！<br>在本地多人热座模式中与好友较量！',37),(1137460,'ALTF4','Autosavegame','PUMPKIM','2021-02-19','2021-06-17',0.7824,3898,937,25,'2GB','images/gameimage/alt1.jpg','images/gameimage/alt2.jpg','[3D第三人称永久死亡转轮游戏]尝试克服各种障碍，直到最后。','ALTF4?<br>游戏方法很简单！请成为不熟练的骑士克服陷阱吧！！但去那个地方的方法可不简单。大家能克服多样的陷阱及让人厌烦的地形吗？<br><br>请测试控制器！<br>我们游戏不支持储存！！<br>充满激动人心的背景音乐和令人讨厌的陷阱！<br>有没有感觉到死而复生后能做到更好的感觉！<br>各种陷阱将持续把你逼向死亡。<br>幻想一下克服陷阱攻克关卡时感受的紧张感吧！<br>完成一次关卡后，挑战从头到尾的一次性成功吧！',11),(1139900,'Ghostrunner','One More Level','505 Games','2020-10-27','2021-09-06',0.8963,28273,2633,1944,'22GB','images/gameimage/ghost1.jpg','images/gameimage/ghost2.jpg','Ghostrunner提供了独特的单玩家游戏体验：快节奏的暴力战斗，以及将科幻故事与世界末日主题相融合的原生环境。它讲述了一个已终结的世界，以及在其中为生存而战的居民的故事。','Ghostrunner是一款第一人称视角硬核斩杀游戏，兼具闪电般的极速动作，故事背景发生在严酷环境里的一座赛博朋克风巨型建筑中。攀登Dharma高塔，这是人类经历末世灾难后最后的避难所。从最底层一直登上顶层，对抗暴君“Keymaster”，展开你的复仇吧。<br><br>高塔城市的街道里充满了暴力。“Keymaster”Mara用铁腕统治着城市，任意草菅人命。<br><br>随着资源的匮乏，弱肉强食和混乱即将消耗掉所剩无几的秩序。最终的决定性一刻即将来临。这是人类濒临灭绝之前的最后机会。<br><br>作为最先进的刀刃战士，你总是能以寡敌众，并且从未被超越。用单分子武士刀斩切敌人，凭借你超人类的反射能力躲避子弹，并利用大量特殊技能在对战中获胜。<br><br>一击必杀的机制令战斗激烈而快速。运用超高的机动性（和频繁的存盘点！），你将可毫无畏惧地投身永无止境的死亡之舞。<br><br>Ghostrunner提供了独特的单玩家游戏体验：快节奏的暴力战斗，以及将科幻故事与世界末日主题相融合的原生环境。它讲述了一个已终结的世界，以及在其中为生存而战的居民的故事。',148),(1160490,'Master Of Pottery','AZGames','AZGames','2019-11-11','2021-08-12',0.9304,1825,37,10,'2GB','images/gameimage/master1.jpg','images/gameimage/master2.jpg','【联机模式已开放】这是一款注重氛围与虚拟生活体验的陶艺主题的创造+模拟经营类游戏。制作独一无二的作品、培养学徒并经营一家属于你的展馆，与游客产生奇妙的互动，并与其它玩家分享你的作品！','这是一款注重氛围与虚拟生活体验的陶艺主题的创造+模拟经营类游戏。创造独一无二的陶艺作品并经营一家属于你的展馆，与参观者产生奇妙的互动。<br><br>游戏中作为一名优秀的陶艺师，你将参与到陶艺制作的基本环节中，制作独一无二的陶艺作品并将它们摆在展厅中供人参观，并与游客产生互动！通过不断的创造获得更多材料，制作出更加精美的作品并拓建和装修你的展厅、培养出色的学徒，最终打造一家具有影响力的陶艺展馆。<br><br>游戏偏娱乐化地展现了制陶工艺中的拉胚、烧窑（干燥、预热、高温）、彩绘、上釉等基本流程，每一个环节都会有不一样的考验。游戏参考了中国传统制陶工艺的相关知识，希望你能在游戏中领略到中国传统陶艺文化的风采！<br><br>■ 独一无二：丰富的制作工具与材料，并且游戏内经验值达到一定程度后将解锁玩家自定义图案，制作真正唯一的作品。<br>■ 玩法融合：艺术创作与模拟经营相结合，每件作品在游戏中都有自己的热度，打造最火的展品，吸引更多的游客。<br>■ NPC互动：游戏内NPC在参观展出后希望买走中意的作品，将作品卖给他一段时间之后你也许会收到感谢信与照片...<br>■ 自由分享：玩家可以将制作好的作品导出发送给任何人或将获取的作品使用陶艺大师进行展示与欣赏。',43),(1162520,'大富翁10(Richman 10)','Softstar Technology (Beijing) Co.,Ltd ','SOFTSTAR Entertainment ','2019-10-24','2021-08-30',0.5141,5373,5059,316,'2GB','images/gameimage/rich1.jpg','images/gameimage/rich2.jpg','《大富翁10》是一款经典的强手棋类游戏，玩家通过运气（投骰子）及策略（买地买卡片）赚取金钱，打败其他玩家。美术采用纯3D的Q版萌系画风。游戏模式包括：故事模式、传记模式、多人热座模式、联网模式。《大富翁10》是由软星科技（北京）有限公司研发，也是《大富翁》系列游戏的第十部作品。','游戏玩法<br>游戏采用回合制，初始所有玩家有一定的存款、现金、卡片。通过投骰子决定移动步数。踩中无主的地产可以购买，踩中敌人的地产需要交过路费。除了地产格，地图中还有银行、新闻、商店、魔法屋等事件格，使游戏充满变数，富有娱乐性。合理的利用手中的卡片可以主动干预随机性，增强策略性，使自己的利益最大化，为最终的胜利打下良好的基础。<br>新模式<br>除了传统大富翁的玩法，《大富翁10》加入了最新热斗玩法。地图中取消了小型地产格，大多数地图格都是获取卡片的格子，玩家通过大量拾取、使用卡片，给敌人造成金钱伤害，使之破产，最终获得胜利。<br>组队<br>全新的组队模式，可以任意组队，队友之间可以相互加盖对方的地产，也可以制定策略集火其中一个敌人，使游戏的节奏变的更快。<br><br>机制创新<br>历代大富翁的卡片需要在地图中收集卡片点数去商店购买。要想获胜，玩家需要兼顾金钱和点数两套货币系统。《大富翁10》的卡片直接用金钱购买，取消了点数系统，相比历代节奏更快，不用度过前期的沉闷阶段，游戏一开始就更加刺激。<br>关卡<br>故事及传记模式中的关卡难度适中，老少皆宜，剧情充满趣味性，围绕着友谊、正义的正能量故事展开。',49),(1172470,'Apex Legends','Respawn Entertainment','Electronic Arts','2020-11-05','2021-09-01',0.897,261911,33121,136793,'56GB','images/gameimage/Apex1.jpg','images/gameimage/Apex2.jpg','Apex Legends 是 Respawn Entertainment 屡获殊荣的免费英雄射击游戏。掌握不断增长的具有强大能力的传奇人物名单，并在英雄射击和大逃杀的下一次演变中体验战略小队游戏和创新游戏玩法。','在《Apex Legends》这款免费*英雄射击游戏中脱颖而出，掌控角色，征服群雄，集结技艺超群的强大传奇角色，组队在边境之地为名利而战。<br><br>掌控丰富传奇角色、深度战术小队玩法以及大胆革新元素，获得前所未有的新一代大逃杀竞技射击游戏体验——在崎岖世界，一切皆有可能。欢迎来到新一代英雄射击游戏。<br><br>主要特色：<br>一系列传奇角色- 掌控一系列日益丰富的强大传奇角色，每位英雄都有其独特个性、力量和特殊技能，易于上手但要精通也绝非易事。<br>组建你的战队 -选择你的传奇角色，与其他玩家强强联手，合理搭配特殊技能，打造终极战队。<br>战术小队玩法-无论你是想在大逃杀模式中在一座巨大的浮空之城中征战厮杀，还是准备在竞技场模式近战比拼，一决高下，你都需要思维敏捷，快速反应。精通传奇英雄独特专属技能，与队友配合参战，探索新式战术和强大组合技。<br><br>革新性战斗<br>- 精通不断扩充的各种强大武器及装备。你要动作迅速，并学习掌握每种武器的节奏，以充分利用你的武器库。此外，你还可在限时模式中更换武器，每个赛季也有新增内容等你发现。<br><br>不断扩展的宇宙<br>- 《Apex Legends》将为你打造一个身临其境的宇宙。在这里，故事内容将不断更新，每一赛季变更地图，新传奇英雄也将不断加入战斗。快快穿上各式奇装异服，在Apex Games中开启冒险竞技，留下精彩瞬间吧！',0),(1190460,'DEATH STRANDING','KOJIMA PRODUCTIONS','505 Games ','2020-07-14','2021-09-06',0.9187,58499,4113,3119,'80GB','images/gameimage/death1.jpg','images/gameimage/death2.jpg','传奇游戏制作人小岛秀夫带来颠覆传统游戏题材的全新体验。 山姆·布里吉斯必须勇敢直面因死亡搁浅而面目全非的世界。 手握残存的希望碎片，踏上征途，逐步重建已分崩离析的世界。','传奇游戏制作人小岛秀夫带来颠覆传统游戏题材的全新体验。<br><br>山姆·布里吉斯必须勇敢直面因死亡搁浅而面目全非的世界。 手握残存的希望碎片，踏上征途，逐步重建已分崩离析的世界。<br><br>诺曼·瑞杜斯（Norman Reedus）、麦斯·米科尔森（Mads Mikkelsen）、蕾雅·赛杜（Léa Seydoux）、琳赛·瓦格纳（Lindsay Wagner）倾情出演。<br><br>PC 版额外功能包括高帧率、照片模式以及超宽显示器支持， 还包括 Valve Corporation 《半衰期》系列的交叉内容。<br><br>每份游戏还额外包括：<br>• Titan Books 出版的数码书 Selections From “The Art of DEATH STRANDING”<br>• “Ludens 面具”太阳眼镜（开罗尔金色 CHIRAL GOLD 和全反射银色 OMNIREFLECTOR）*<br>• 金色及银色力量活动骨架*<br>• 金色及银色全地形活动骨架*<br>• 金色及银色护具*<br><br>* 于游戏进行途中解锁',298),(1203220,'NARAKA: BLADEPOINT','24 Entertainment ','NetEase Games Montréal','2021-08-12','2021-09-01',0.7814,23020,5943,69422,'20GB','images/gameimage/NB1.jpg','images/gameimage/NB2.jpg','挥舞利刃，斩杀！端起火枪，爆头！享受远近结合的华丽战斗！ 在房顶跑酷，在树林中飞索穿梭，广大的地图任君高速前行！ 活用英雄能力，用风沙、隐身，甚至化身金刚大佛碾碎敌人！ 独一无二的60人生存竞技，成为最后的赢家！','无拘战斗革命<br><br>不只是近战！<br>当冷兵器加入生存竞技，所有逻辑都将发生变化！<br>战场层次、角色设计、飞索的加入、复活方式、局内成长……<br>享受刀刀入肉的冷兵器挥砍与百步穿杨的远距离战斗吧！<br><br>自由，自由，还是自由！<br>从大佛掌心，到崇山之巅<br>从铁索悬棺，到矿道纵横<br>全开放的地图交互，使地图上所有角落均可自由到达<br><br>充满无穷可能的飞索<br>每位角色都拥有全自由的飞索系统，所有场景元素、所有对手都可成为目标<br>狭路相逢？飞跃重重障碍，快速加入战场<br>情况不妙？空中连续开锁，一击脱离<br>埋伏起来？瞄准对手，瞬身偷袭<br><br>尚武美学觉醒<br>雄武的侠客、异域的刺客、神秘的盲剑士……<br>远道而来的英雄们，都透着历战的杀意<br>巨兽的残骸、破败的城镇、深邃的古寺……<br>打造宏大、独特的竞技舞台<br>凝结传统美术精华，留白+写意，<br>我们倾情演绎<br>',98),(1225330,'NBA 2K21','Visual Concepts','2K','2020-09-04','2021-08-31',0.409,14801,21743,4392,'110GB','images/gameimage/2k21 1.jpg','images/gameimage/2k21 2.jpg','《NBA 2K21》是享誉全球的畅销大作NBA 2K系列的最新作品，在呈现了业界领先的体育游戏体验。','《NBA 2K21》是享誉全球的畅销大作NBA 2K系列的最新作品。本作的玩法、竞争性以及社区在线功能，在前作的优质基础上精益求精，作出一系列激动人心的改进，再加上更加丰富多样的游戏模式，《NBA 2K21》将带给您NBA篮球与文化世界的沉浸式体验——随心所欲。<br>无论你是新玩家、老玩家还是回归的玩家，你都能在《NBA 2K21》中找到你喜欢的刺激游戏模式，体验多种多样的篮球乐趣：<br><br>更加真实的体验<br>通过视觉呈现、球员AI、游戏模式等多个方面的进化，《NBA 2K21》不断突破极限，带给你最真实的篮球游戏体验。你将能感受到观众的热情与NBA的激烈竞争，以及当今游戏领域最让人沉浸的体育大作为你带来的无穷乐趣。<br><br>精英级游戏玩法<br>先进的专家摇杆让你享受持球时无与伦比的顺滑操控手感。跳投和上篮将展现前所未有精准和巧妙，还可解锁全新招牌运球动作，控球效率更高。<br><br>你专属的史上最佳球队<br>利用梦幻球队收集最新的NBA明星和传奇球员，与全世界的顶级收藏家们一较高下。《2K21》新增限时赛季概念，随着在梦幻球队的新老模式中完成比赛，你将获得独一无二的奖励。<br><br>新的辉煌生涯<br>全新的大片级辉煌生涯体验，带领你从高中球队开始，一路进入十支官方授权的大学球队之一，最后闯入大联盟。在场内场外都成为最亮眼的明星，让你的自创球员走上顶峰，在这段激动人心的传奇旅程中成为一代巨星。<br><br>新的街区场景<br>在阳光下享受1对1、3对3和5对5的比赛吧。《NBA 2K21》 的新街区新加入海滩球场，更有全新的视觉呈现和画面布局。你可以在街球公园展示你的风格技巧，组队出征职业业余混合赛，还可以在动态更新的2K竞技活动中赢取奖励。<br><br>最新的服饰和音乐<br>穿上全新的服饰和球鞋，用你最喜欢的衣服、配饰和球鞋品牌从头到脚打扮自己，让你成为最潮最炫的球员。你还可以在《NBA 2K21》 的动感音乐中享受篮球，除了来自全世界的著名艺术家，更有亟待被发现的新兴音乐家为游戏增添色彩。<br><br>美国篮球史<br>回顾美国篮球历史上的冠军传奇。跟随经典球队走上赛场，在梦幻球队中收集来自过去的明星球员卡片，用自创球员装备展示你的骄傲。',199),(1238810,'Battlefield™ V','DICE','Electronic Arts','2020-04-11','2021-08-31',0.6689,37478,18009,41698,'50GB','images/gameimage/Battlefield V1.jpg','images/gameimage/Battlefield V2.jpg','这就是终极《战地风云 5》体验。用完整的武器、载具和配备武器库以及第 1 年和第 2 年最棒的自定义内容体验人类历史上规模最大的冲突。','这就是终极《战地风云 5》体验。用已解锁的全部游戏内容从海陆空体验人类历史上规模最大的冲突。从完整的武器、载具和配备武器库中做出选择，沉浸于激烈的第二次世界大战。用完整的精英阵容以及第 1 年和第 2 年最棒的自定义内容在战场上脱颖而出。<br><br>《战地风云 5》决定版包含《战地风云 5》主游戏和最齐全的内容收录：<br>自发行以来、第 1 年和第 2 年的所有游戏内容（武器、载具和配备）<br>所有精英<br>84 款极具带入感的英军和德军服装，提升二战沙盒游戏体验<br>8 款第 2 年中的士兵服装<br>2 款第 2 年中的武器皮肤，分别适用于 10 款 和 4 款武器<br>3 款载具装饰<br>33 件第 1 年中的章节奖励物品。',220),(1262240,'Plants vs. Zombies: Battle for Neighborville','PopCap','Electronic Arts','2020-04-04','2021-08-30',0.6867,4190,1784,85,'15GB','images/gameimage/battle1.jpg','images/gameimage/battle2.jpg','到《植物大战僵尸: 和睦小镇保卫战》中大显身手吧，这里有最疯狂的射手！','今天就入手豪华版吧！<br><br>欢迎来到和睦小镇，一个祥和的小镇。然而不幸的是，僵尸和植物之间疯狂的新冲突正在酝酿！你该怎么办，叫农作物来帮忙？牺牲你的植物？这场僵尸和植物之间的鏖战将在和睦小镇的边缘和中心地带发生，准备战斗吧。<br><br>豪华版包括基础游戏内容和炙手可热的独家内容。让 80 年代动作英雄穿上法官 Z 服装尽情摇滚。穿上豌豆射手的鹰嘴豆服装在战斗中精益求精。使用五套超赞的表情来表达自己的情绪。还有一套《和睦小镇保卫战》的特别数字漫画供你解密。<br><br>豪华版独家内容：<br><br>《植物大战僵尸：和睦小镇保卫战》标准版<br>豌豆射手的传奇鹰嘴豆服装<br>80 年代动作英雄的传奇法官 Z 服装<br>数字漫画<br>五个表情包',228),(1291340,'Townscaper','Oskar Stålberg','Raw Fury ','2021-08-26','2021-09-06',0.9472,10590,258,336,'1GB','images/gameimage/town1.jpg','images/gameimage/town2.jpg','Townscaper是一个实验性项目。与其说是游戏其实它更像玩具。我们可以从调色板拾取颜色，选个房子色块放在不规则的格子里，然后看{Townscaper}的底层算法如何根据不同的配置自动地将这些色块变成可爱的小房子、拱门、楼梯、桥梁以及郁郁葱葱的后院。','它可以用来建造蜿蜒街道的古城镇、小巧的村庄、高耸的教堂、交错的运河、或者空中楼阁。一块接一块地建造。<br><br>没有目标，没有什么真正的游戏玩法。只有无数的建造和无数的美丽。仅此而已。<br><br>Townscaper是一个实验性项目。与其说是游戏其实它更像玩具。我们可以从调色板拾取颜色，选个房子色块放在不规则的格子里，然后看{Townscaper}的底层算法如何根据不同的配置自动地将这些色块变成可爱的小房子、拱门、楼梯、桥梁以及郁郁葱葱的后院。',26),(1366540,'Dyson Sphere Program','Youthcat Studio','Gamera Game','2021-01-21','2021-08-23',0.9594,47330,1068,4125,'3GB','images/gameimage/dyson1.jpg','images/gameimage/dyson2.jpg','浩瀚无垠的宇宙，未知的征程，作为戴森球计划的一名工程师，你将前往陌生的星系，建造戴森球。从一无所有白手起家，采集资源，规划设计生产线，逐步实现全自动化，将你的工厂从一个小作坊，发展成为庞大的跨星系工业帝国。探索未知的星球，发现珍奇，让你的足迹遍布星辰大海。','《戴森球计划》是一款融合了太空、自动化工厂、冒险、探索等元素的科幻题材沙盒建造类游戏。在未来，人类踏入高级文明的行列之时，科技的强大带来了飞速的发展，虚拟现实迭代了空间与时间。人类创造了超级计算机——“主脑”，以期待利用其强大的计算能力来进一步扩大虚拟世界的运用。<br><br>作为玩家的你，加入了空间管理联盟COSMO开启的一项代号为“戴森球计划”的工程项目，建造戴森球，为“主脑”提供持续稳定的能量。<br><br>在游戏中，玩家将从上帝视角进行工厂建造及资源管理。在这一过程中，你势必会遭遇诸多困难，毕竟宇宙之大，什么都可能发生。然而，你的创造力与想象力将会助你达成这一宏大的目标，整个银河势必将在你的规划下成为人类文明前进的基石。<br><br>你可以不断解锁科技，一步一步打造专属你的戴森球；<br>也可以探索宇宙，发现宇宙珍奇，踏遍星辰大海；<br>或是架设星际物流系统，串联出庞大的工业帝国；<br>亦或是不断优化设计，让生产流水线的效率更高。<br><br>*随机生成的星图，每一局都是独一无二的宇宙。<br>*更加微观的建造戴森球，从一个零件开始构架。<br>*千变万化的宇宙生态，中子星、白矮星、红巨星，甚至黑洞。<br>*不止于地表的自动化生产流水线，跨越星系运输物资。<br>*多种可自主定制的设定，打造属于你自己的戴森球计划。<br>*球形地表，完美表现在一颗星球之上完成建设的特色。<br><br>将资源通过传送带串联在各个建筑之间，形成高效的流水线生产，让科技自主的前进。同时在建造过程中建筑会自动吸附网格，铺设流水线时可以利用建筑网格吸附功能自动对齐建筑，大大提高建造的效率，形成大规模的自动化流水线。<br><br>跨越地表运输的限制，组建你的星际运输大队，将另一个星球的物资传递过来，集合全宇宙的力量来快速发展自己。<br><br>每一次游戏的开始都会随机生成全新的星图，拥有不同的星球种类，矿物分布。每一个星球的地形也会变化。在这个千变万化的宇宙中去完全属于你自己的“戴森球计划”。<br><br>同时游戏中直接展现了各式各样的星球和天象，中子星、白矮星、红巨星、气态星球、日冕、永昼永夜等，统统都可以在这里看到。<br><br>我们是来自于中国重庆的五人团队，出于对科幻的喜爱，我们制作了这款《戴森球计划》。或许以往的戴森球还存在于宏观的游戏世界中，那么这一次我们希望玩家可以更加微观的去一步一步建造戴森球，从一个零件到最终庞大宏伟的产物。',72),(1454400,'Cookie Clicker','Orteil','Playsaurus','2021-09-01','2021-09-07',0.9445,5674,117,54712,'1GB','images/gameimage/cookie1.jpg','images/gameimage/cookie2.jpg','一款制作饼干的放置型休闲小游戏！最初于2013年在网站上发布，之后积极升级改版。这是Steam上的官方版本。','《饼干点点乐》是一款制作饼干，数量大到夸张的小游戏。为了制作更多的饼干，你可以招兵买马各式各样的饼干制造者，比如慈祥的老奶奶，农场，工厂和异世界的穿越门。<br><br>《饼干点点乐》最初发布于2013年，自此一直在积极升级改版。如果你以前玩过此游戏，可以回来玩看看新增加的功能！<br><br>收集饼干并花掉它们来赚取更多的饼干<br>超过600+次升级<br>超过500+成果<br>拍一拍你的龙<br>迷你游戏<br>解锁天堂级永久-升级<br>云储蓄（不再意外删除饼干）<br>C418音乐',22),(1455840,'Dorfromantik','Toukana Interactive','Toukana Interactive','2021-03-25','2021-09-07',0.9366,7767,258,477,'500MB','images/gameimage/dor1.jpg','images/gameimage/dor2.jpg','《Dorfromantik》是一款让你享受身心宁静的策略型益智游戏，透过拼凑组合各式各样的地景板块，不断延伸探索多采多姿的村落风景，创造出属于自己的小世界!','《Dorfromantik》是一款让你享受身心宁静的策略型益智游戏，透过拼凑组合各式各样的地景板块，不断延伸探索多采多姿的村落风景。<br>在《Dorfromantik》中你可以抽离繁忙的现实，沉浸在这个宁静放松的世界，而与此同时，我们也提供给那些想挑战自己的玩家，透过策略性布局自己的地景板块来挑战高分纪录。<br><br>在《Dorfromantik》游戏开始时你会得到一叠程序化生成的地景板块，从最上层开始抽取板块，选择想放置的未开发区域，旋转调整最佳的位置来组合创造不同规模的村落地形如森林，小镇和河流来获取高分。<br><br>某些地景板块会产生特殊的据点任务如: 风车需要连接6个田野地形，火车头需要铺10个铁路来取得分数或是鹿群想要安居在50个树木以上的森林等等。完成这些任务可以让你获得更多的可开发区域来拓张你的世界。游戏会在所有地景板块用尽后结束。<br><br>当你在扩张板块时将会发掘更多不同的生态板块和出现提供不同奖励挑战的特殊地景板块，完成挑战可以解锁更多新的地景板块、生物群系和更多任务。<br><br>在《Dorfromantik》你可以...<br>打造幅员辽阔的美好风景<br>结合策略与益智的独特玩法<br>轻松休闲的游玩方式<br>乡间田野的小镇风光<br>策略布局挑战高分纪录<br>高度耐玩性-每一局都不重覆<br>各式各样的生态地景板块<br>如真实桌游般的原创美术风格<br>在《Dorfromantik》你不会找到..<br>4X策略游戏<br>交易买卖<br>资源分配管理<br>对战&暴力要素<br>多人游玩模式<br><br>《Dorfromantik》是由四位来自柏林的游戏设计系学生所开发，我们共同创立了Toukana Interactive 工作室，并期待在未来继续带给大家高品质的原创独立作品。<br><br>我们期待大家的游玩反馈! 如果你对游戏有任何想法或是问题，请不要吝啬联系我们，我们会尽快回覆你们 :)。',52);
/*!40000 ALTER TABLE `game` ENABLE KEYS */;
UNLOCK TABLES;

--
-- Table structure for table `user`
--

DROP TABLE IF EXISTS `user`;
/*!40101 SET @saved_cs_client     = @@character_set_client */;
/*!40101 SET character_set_client = utf8 */;
CREATE TABLE `user` (
  `UserID` int(11) NOT NULL AUTO_INCREMENT,
  `Username` varchar(45) NOT NULL,
  `Password` varchar(45) NOT NULL,
  `Balance` int(11) NOT NULL DEFAULT '0',
  PRIMARY KEY (`UserID`)
) ENGINE=InnoDB AUTO_INCREMENT=9 DEFAULT CHARSET=utf8;
/*!40101 SET character_set_client = @saved_cs_client */;

--
-- Dumping data for table `user`
--

LOCK TABLES `user` WRITE;
/*!40000 ALTER TABLE `user` DISABLE KEYS */;
INSERT INTO `user` VALUES (1,'nene','nene',2000),(2,'zhangsan','123456',15515515),(3,'lisi','123456',0),(4,'kareninasss','654321',1000),(5,'markdoge','x',2000),(6,'xyx','2243',2000),(7,'g','g',13517),(8,'b','b',0);
/*!40000 ALTER TABLE `user` ENABLE KEYS */;
UNLOCK TABLES;

--
-- Table structure for table `userlib`
--

DROP TABLE IF EXISTS `userlib`;
/*!40101 SET @saved_cs_client     = @@character_set_client */;
/*!40101 SET character_set_client = utf8 */;
CREATE TABLE `userlib` (
  `UserID` int(11) NOT NULL,
  `AppID` int(11) NOT NULL,
  `Record` double NOT NULL DEFAULT '0',
  `LastPlayed` date DEFAULT NULL,
  `IsLocal` tinyint(4) NOT NULL DEFAULT '0',
  `IsFavorite` tinyint(4) NOT NULL DEFAULT '0',
  PRIMARY KEY (`UserID`,`AppID`)
) ENGINE=InnoDB DEFAULT CHARSET=utf8;
/*!40101 SET character_set_client = @saved_cs_client */;

--
-- Dumping data for table `userlib`
--

LOCK TABLES `userlib` WRITE;
/*!40000 ALTER TABLE `userlib` DISABLE KEYS */;
INSERT INTO `userlib` VALUES (1,271590,13.5,'2020-12-31',0,0),(1,1085660,5.5,'2021-09-01',1,0),(1,1172470,68,'2021-09-01',1,1),(2,570,34,'2021-08-31',1,1),(2,730,28,'2021-08-01',1,0),(3,730,56,'2021-09-01',1,1),(3,578080,26.5,'2021-06-01',1,0),(3,1203220,31,'2021-08-01',0,0),(3,1225330,48.5,'2021-09-01',1,0),(4,236390,21,'2020-12-31',0,0),(4,271590,86.5,'2021-06-03',1,1),(4,578080,43,'2020-11-06',0,0),(5,570,34,'2020-02-13',0,0),(5,236390,78,'2021-09-01',1,1),(5,1238810,65.5,'2020-09-23',0,0),(6,570,28,'2021-03-01',1,0),(6,271590,13,'2020-05-24',0,0),(6,578080,0,'2021-09-06',0,0),(6,1085660,24,'2021-09-01',1,0),(6,1225330,1,'2021-09-07',0,1),(7,252490,0,'2021-09-07',0,0),(7,1225330,0,'2021-09-07',0,0);
/*!40000 ALTER TABLE `userlib` ENABLE KEYS */;
UNLOCK TABLES;
/*!40103 SET TIME_ZONE=@OLD_TIME_ZONE */;

/*!40101 SET SQL_MODE=@OLD_SQL_MODE */;
/*!40014 SET FOREIGN_KEY_CHECKS=@OLD_FOREIGN_KEY_CHECKS */;
/*!40014 SET UNIQUE_CHECKS=@OLD_UNIQUE_CHECKS */;
/*!40101 SET CHARACTER_SET_CLIENT=@OLD_CHARACTER_SET_CLIENT */;
/*!40101 SET CHARACTER_SET_RESULTS=@OLD_CHARACTER_SET_RESULTS */;
/*!40101 SET COLLATION_CONNECTION=@OLD_COLLATION_CONNECTION */;
/*!40111 SET SQL_NOTES=@OLD_SQL_NOTES */;

-- Dump completed on 2021-09-08 14:51:15
